aug_user_10_A0.jpg,1348434184A

aug_user_10_A1.jpg,1348434184A

aug_user_10_A2.jpg,1359035190A

aug_user_10_A3.jpg,1401523042A

aug_user_10_A4.jpg,1471382718A

aug_user_10_A5.jpg,19452304162A

aug_user_10_A6.jpg,19462304172A

aug_user_10_A7.jpg,19969299169A

aug_user_10_A8.jpg,1251791569A

aug_user_10_A9.jpg,1325812178A

aug_user_10_B0.jpg,131191161B

aug_user_10_B1.jpg,121188168B

aug_user_10_B2.jpg,19918631966B

aug_user_10_B3.jpg,121581178B

aug_user_10_B4.jpg,121621182B

aug_user_10_B5.jpg,1612181168B

aug_user_10_B6.jpg,1562116161B

aug_user_10_B7.jpg,17021310161B

aug_user_10_B8.jpg,151321182B

aug_user_10_B9.jpg,161341194B

aug_user_10_C0.jpg,19639316159C

aug_user_10_C1.jpg,20941319151C

aug_user_10_C2.jpg,21250312150C

aug_user_10_C3.jpg,108548154C

aug_user_10_C4.jpg,21018231082C

aug_user_10_C5.jpg,21450314150C

aug_user_10_C6.jpg,21218931289C

aug_user_10_C7.jpg,108518151C

aug_user_10_C8.jpg,20849308149C

aug_user_10_C9.jpg,1124912149C

aug_user_10_D0.jpg,1265916169D

aug_user_10_D1.jpg,1215911169D

aug_user_10_D2.jpg,20017731067D

aug_user_10_D3.jpg,20063310173D

aug_user_10_D4.jpg,1211781168D

aug_user_10_D5.jpg,15919631936D

aug_user_10_D6.jpg,151431193D

aug_user_10_D7.jpg,18719031760D

aug_user_10_D8.jpg,133503180D

aug_user_10_D9.jpg,152175225D

aug_user_10_E0.jpg,1091841994E

aug_user_10_E1.jpg,1105720147E

aug_user_10_E2.jpg,1101832093E

aug_user_10_E3.jpg,1101832093E

aug_user_10_E4.jpg,21057300147E

aug_user_10_E5.jpg,18740297150E

aug_user_10_E6.jpg,19536305146E

aug_user_10_E7.jpg,1171951795E

aug_user_10_E8.jpg,19945299145E

aug_user_10_E9.jpg,1161931693E

aug_user_10_F0.jpg,18232302152F

aug_user_10_F1.jpg,1392071987F

aug_user_10_F2.jpg,1322051285F

aug_user_10_F3.jpg,1314011160F

aug_user_10_F4.jpg,18319730377F

aug_user_10_F5.jpg,16021228092F

aug_user_10_F6.jpg,17221729297F

aug_user_10_F7.jpg,16634286154F

aug_user_10_F8.jpg,17434294154F

aug_user_10_F9.jpg,1342041484F

aug_user_10_G0.jpg,19119430184G

aug_user_10_G1.jpg,1245014160G

aug_user_10_G2.jpg,18955299165G

aug_user_10_G3.jpg,115185575G

aug_user_10_G4.jpg,116182672G

aug_user_10_G5.jpg,18965289165G

aug_user_10_G6.jpg,20217230272G

aug_user_10_G7.jpg,19582295182G

aug_user_10_G8.jpg,20383303183G

aug_user_10_G9.jpg,19315429354G

aug_user_10_H0.jpg,1692054985H

aug_user_10_H1.jpg,16020228082H

aug_user_10_H2.jpg,1504030160H

aug_user_10_H3.jpg,1414731157H

aug_user_10_H4.jpg,18251292161H

aug_user_10_H5.jpg,18371293181H

aug_user_10_H6.jpg,17270282180H

aug_user_10_H7.jpg,1401653055H

aug_user_10_H8.jpg,1601655055H

aug_user_10_H9.jpg,1497639186H

aug_user_10_I0.jpg,1284418154I

aug_user_10_I1.jpg,1221991289I

aug_user_10_I2.jpg,19918430974I

aug_user_10_I3.jpg,1221901280I

aug_user_10_I4.jpg,119173963I

aug_user_10_I5.jpg,1241921482I

aug_user_10_I6.jpg,18719229782I

aug_user_10_I7.jpg,19917930969I

aug_user_10_I8.jpg,1161751675I

aug_user_10_I9.jpg,20672306172I

aug_user_10_K0.jpg,11022727067K

aug_user_10_K1.jpg,10923726977K

aug_user_10_K2.jpg,13224028290K

aug_user_10_K3.jpg,152240282110K

aug_user_10_K4.jpg,1493279133K

aug_user_10_K5.jpg,2063446194K

aug_user_10_K6.jpg,2212176157K

aug_user_10_K7.jpg,1852125181K

aug_user_10_K8.jpg,1972343774K

aug_user_10_K9.jpg,12623928679K

aug_user_10_L0.jpg,17737307167L

aug_user_10_L1.jpg,131198168L

aug_user_10_L2.jpg,17820030870L

aug_user_10_L3.jpg,18319731367L

aug_user_10_L4.jpg,1561972667L

aug_user_10_L5.jpg,17721030780L

aug_user_10_L6.jpg,17229302159L

aug_user_10_L7.jpg,134214484L

aug_user_10_L8.jpg,1413611166L

aug_user_10_L9.jpg,17520530575L

aug_user_10_M0.jpg,19416928479M

aug_user_10_M1.jpg,19476284166M

aug_user_10_M2.jpg,19316428374M

aug_user_10_M3.jpg,1278237172M

aug_user_10_M4.jpg,19015628066M

aug_user_10_M5.jpg,17917927979M

aug_user_10_M6.jpg,1491804980M

aug_user_10_M7.jpg,1416041160M

aug_user_10_M8.jpg,17018227082M

aug_user_10_M9.jpg,18161281161M

aug_user_10_N0.jpg,17917227972N

aug_user_10_N1.jpg,1421734273N

aug_user_10_N2.jpg,1406740167N

aug_user_10_N3.jpg,1491764976N

aug_user_10_N4.jpg,1381713871N

aug_user_10_N5.jpg,18358283158N

aug_user_10_N6.jpg,1411824182N

aug_user_10_N7.jpg,19017829078N

aug_user_10_N8.jpg,1367136171N

aug_user_10_N9.jpg,19216629266N

aug_user_10_O0.jpg,1492032983O

aug_user_10_O1.jpg,16635286155O

aug_user_10_O2.jpg,1452062586O

aug_user_10_O3.jpg,16520728587O

aug_user_10_O4.jpg,1433823158O

aug_user_10_O5.jpg,1512054195O

aug_user_10_O6.jpg,1631995389O

aug_user_10_O7.jpg,1434333153O

aug_user_10_O8.jpg,1435243152O

aug_user_10_O9.jpg,1481904890O

aug_user_10_P0.jpg,24819611866P

aug_user_10_P1.jpg,24119411164P

aug_user_10_P2.jpg,25044120174P

aug_user_10_P3.jpg,8648216178P

aug_user_10_P4.jpg,24119411164P

aug_user_10_P5.jpg,11755237175P

aug_user_10_P6.jpg,1981877867P

aug_user_10_P7.jpg,2131799359P

aug_user_10_P8.jpg,1995079170P

aug_user_10_P9.jpg,11219023270P

aug_user_10_Q0.jpg,2097109107Q

aug_user_10_Q1.jpg,10411204111Q

aug_user_10_Q2.jpg,2079107109Q

aug_user_10_Q3.jpg,101227201127Q

aug_user_10_Q4.jpg,19823198131Q

aug_user_10_Q5.jpg,133239233139Q

aug_user_10_Q6.jpg,20514105114Q

aug_user_10_Q7.jpg,13119231119Q

aug_user_10_Q8.jpg,12024220124Q

aug_user_10_Q9.jpg,1942694126Q

aug_user_10_R0.jpg,15020928079R

aug_user_10_R1.jpg,1802085078R

aug_user_10_R2.jpg,1673237162R

aug_user_10_R3.jpg,1732134383R

aug_user_10_R4.jpg,14820627876R

aug_user_10_R5.jpg,15520428574R

aug_user_10_R6.jpg,1732104380R

aug_user_10_R7.jpg,16520229572R

aug_user_10_R8.jpg,1533723167R

aug_user_10_R9.jpg,1674237172R

aug_user_10_S0.jpg,12961249181S

aug_user_10_S1.jpg,12017624056S

aug_user_10_S2.jpg,1555565145S

aug_user_10_S3.jpg,1721848294S

aug_user_10_S4.jpg,16160251150S

aug_user_10_S5.jpg,1241793489S

aug_user_10_S6.jpg,1375747147S

aug_user_10_S7.jpg,1316241152S

aug_user_10_S8.jpg,17767267157S

aug_user_10_S9.jpg,1311804190S

aug_user_10_T0.jpg,16118027170T

aug_user_10_T1.jpg,14817825868T

aug_user_10_T2.jpg,16217527265T

aug_user_10_T3.jpg,14817725867T

aug_user_10_T4.jpg,15559265169T

aug_user_10_T5.jpg,18666286166T

aug_user_10_T6.jpg,17767277167T

aug_user_10_T7.jpg,19271292171T

aug_user_10_T8.jpg,18116428164T

aug_user_10_T9.jpg,1431634363T

aug_user_10_U0.jpg,16939299169U

aug_user_10_U1.jpg,17620030670U

aug_user_10_U2.jpg,1554225172U

aug_user_10_U3.jpg,1441971467U

aug_user_10_U4.jpg,16538295168U

aug_user_10_U5.jpg,14731277161U

aug_user_10_U6.jpg,14721727787U

aug_user_10_U7.jpg,16135291165U

aug_user_10_U8.jpg,1752945159U

aug_user_10_U9.jpg,1642033473U

aug_user_10_V0.jpg,1682132873V

aug_user_10_V1.jpg,1792539165V

aug_user_10_V2.jpg,15521029570V

aug_user_10_V3.jpg,16320029370V

aug_user_10_V4.jpg,1601923062V

aug_user_10_V5.jpg,15020629066V

aug_user_10_V6.jpg,1812034163V

aug_user_10_V7.jpg,15541295181V

aug_user_10_V8.jpg,1723732177V

aug_user_10_V9.jpg,16318930349V

aug_user_10_W0.jpg,13146291206W

aug_user_10_W1.jpg,2024642206W

aug_user_10_W2.jpg,13520329543W

aug_user_10_W3.jpg,14350283190W

aug_user_10_W4.jpg,1744434184W

aug_user_10_W5.jpg,1902065066W

aug_user_10_W6.jpg,2012076167W

aug_user_10_W7.jpg,1794649176W

aug_user_10_W8.jpg,1861935663W

aug_user_10_W9.jpg,1771825762W

aug_user_10_X0.jpg,15917826968X

aug_user_10_X1.jpg,14861258171X

aug_user_10_X2.jpg,17064280174X

aug_user_10_X3.jpg,1646454174X

aug_user_10_X4.jpg,1531704360X

aug_user_10_X5.jpg,1694049160X

aug_user_10_X6.jpg,1731976387X

aug_user_10_X7.jpg,1614051150X

aug_user_10_X8.jpg,14646256156X

aug_user_10_X9.jpg,16419027480X

aug_user_10_Y0.jpg,1331831363Y

aug_user_10_Y1.jpg,17554295174Y

aug_user_10_Y2.jpg,18818130861Y

aug_user_10_Y3.jpg,1501853065Y

aug_user_10_Y4.jpg,18656306176Y

aug_user_10_Y5.jpg,1452052585Y

aug_user_10_Y6.jpg,16620428684Y

aug_user_10_Y7.jpg,1342051485Y

aug_user_10_Y8.jpg,1404320163Y

aug_user_10_Y9.jpg,18318129371Y

aug_user_3_A0.jpg,196222106132A

aug_user_3_A1.jpg,12418214108A

aug_user_3_A2.jpg,123221213131A

aug_user_3_A3.jpg,12221212111A

aug_user_3_A4.jpg,12220212110A

aug_user_3_A5.jpg,224205144125A

aug_user_3_A6.jpg,227201147121A

aug_user_3_A7.jpg,230194150114A

aug_user_3_A8.jpg,89186169106A

aug_user_3_A9.jpg,9056170136A

aug_user_3_B0.jpg,1812283178B

aug_user_3_B1.jpg,1811231162B

aug_user_3_B2.jpg,1712184188B

aug_user_3_B3.jpg,14723277153B

aug_user_3_B4.jpg,1752134583B

aug_user_3_B5.jpg,321719327B

aug_user_3_B6.jpg,024018060B

aug_user_3_B7.jpg,28224010260B

aug_user_3_B8.jpg,4339223219B

aug_user_3_B9.jpg,2540134120B

aug_user_3_C0.jpg,1670267100C

aug_user_3_C1.jpg,145045100C

aug_user_3_C2.jpg,1780278100C

aug_user_3_C3.jpg,1670267100C

aug_user_3_C4.jpg,15324053140C

aug_user_3_C5.jpg,252234122104C

aug_user_3_C6.jpg,2526122136C

aug_user_3_C7.jpg,71228191108C

aug_user_3_C8.jpg,7518185128C

aug_user_3_C9.jpg,250219140109C

aug_user_3_D0.jpg,1310281150D

aug_user_3_D1.jpg,1230273150D

aug_user_3_D2.jpg,188048140D

aug_user_3_D3.jpg,1320272140D

aug_user_3_D4.jpg,188048140D

aug_user_3_D5.jpg,3423719477D

aug_user_3_D6.jpg,412191152D

aug_user_3_D7.jpg,28524013590D

aug_user_3_D8.jpg,3423217492D

aug_user_3_D9.jpg,28122715197D

aug_user_3_E0.jpg,17422184131E

aug_user_3_E1.jpg,151224241134E

aug_user_3_E2.jpg,142221232131E

aug_user_3_E3.jpg,143223233133E

aug_user_3_E4.jpg,152225242135E

aug_user_3_E5.jpg,255234145124E

aug_user_3_E6.jpg,768176108E

aug_user_3_E7.jpg,2459145109E

aug_user_3_E8.jpg,23020140110E

aug_user_3_E9.jpg,9531175111E

aug_user_3_F0.jpg,17122351103F

aug_user_3_F1.jpg,1771657136F

aug_user_3_F2.jpg,1711351133F

aug_user_3_F3.jpg,1732053140F

aug_user_3_F4.jpg,14119261139F

aug_user_3_F5.jpg,8321920399F

aug_user_3_F6.jpg,22521105141F

aug_user_3_F7.jpg,8528205148F

aug_user_3_F8.jpg,233221113101F

aug_user_3_F9.jpg,243224123104F

aug_user_3_G0.jpg,1584648156G

aug_user_3_G1.jpg,15219526285G

aug_user_3_G2.jpg,16119227182G

aug_user_3_G3.jpg,15852268162G

aug_user_3_G4.jpg,15518726577G

aug_user_3_G5.jpg,20218710287G

aug_user_3_G6.jpg,11218821288G

aug_user_3_G7.jpg,11954219154G

aug_user_3_G8.jpg,20818710887G

aug_user_3_G9.jpg,11319121391G

aug_user_3_H0.jpg,1732125392H

aug_user_3_H1.jpg,1752955149H

aug_user_3_H2.jpg,13620825688H

aug_user_3_H3.jpg,1852865148H

aug_user_3_H4.jpg,1862766147H

aug_user_3_H5.jpg,9417319473H

aug_user_3_H6.jpg,23762137162H

aug_user_3_H7.jpg,23617612666H

aug_user_3_H8.jpg,7718018770H

aug_user_3_H9.jpg,7117618166H

aug_user_3_I0.jpg,15323283153I

aug_user_3_I1.jpg,14924279154I

aug_user_3_I2.jpg,1712074177I

aug_user_3_I3.jpg,1701796069I

aug_user_3_I4.jpg,1755765167I

aug_user_3_I5.jpg,214214114114I

aug_user_3_I6.jpg,22525125125I

aug_user_3_I7.jpg,214208114108I

aug_user_3_I8.jpg,22832128132I

aug_user_3_I9.jpg,9719819798I

aug_user_3_K0.jpg,225795137K

aug_user_3_K1.jpg,2405110135K

aug_user_3_K2.jpg,21923389103K

aug_user_3_K3.jpg,99240229110K

aug_user_3_K4.jpg,218688136K

aug_user_3_K5.jpg,260222150112K

aug_user_3_K6.jpg,26918159128K

aug_user_3_K7.jpg,63216173106K

aug_user_3_K8.jpg,53218163108K

aug_user_3_K9.jpg,25727147137K

aug_user_3_L0.jpg,130227240117L

aug_user_3_L1.jpg,17622766117L

aug_user_3_L2.jpg,122220232110L

aug_user_3_L3.jpg,1822372133L

aug_user_3_L4.jpg,11919229129L

aug_user_3_L5.jpg,24031110161L

aug_user_3_L6.jpg,5830188160L

aug_user_3_L7.jpg,24220511275L

aug_user_3_L8.jpg,6638196168L

aug_user_3_L9.jpg,24619511665L

aug_user_3_M0.jpg,14333233123M

aug_user_3_M1.jpg,13731227121M

aug_user_3_M2.jpg,1752885118M

aug_user_3_M3.jpg,13320223110M

aug_user_3_M4.jpg,14425234115M

aug_user_3_M5.jpg,213205123115M

aug_user_3_M6.jpg,21934129124M

aug_user_3_M7.jpg,204206114116M

aug_user_3_M8.jpg,10836198126M

aug_user_3_M9.jpg,9171221201M

aug_user_3_N0.jpg,1811081110N

aug_user_3_N1.jpg,139229239129N

aug_user_3_N2.jpg,145227245127N

aug_user_3_N3.jpg,132225232125N

aug_user_3_N4.jpg,144219244119N

aug_user_3_N5.jpg,22123131113N

aug_user_3_N6.jpg,93220183130N

aug_user_3_N7.jpg,10132191122N

aug_user_3_N8.jpg,22833138123N

aug_user_3_N9.jpg,9936189126N

aug_user_3_O0.jpg,1721382103O

aug_user_3_O1.jpg,142823298O

aug_user_3_O2.jpg,158230248140O

aug_user_3_O3.jpg,17423584145O

aug_user_3_O4.jpg,16422974139O

aug_user_3_O5.jpg,8020920089O

aug_user_3_O6.jpg,7621119691O

aug_user_3_O7.jpg,2132993149O

aug_user_3_O8.jpg,10125221145O

aug_user_3_O9.jpg,11634236154O

aug_user_3_P0.jpg,8521195131P

aug_user_3_P1.jpg,248225138115P

aug_user_3_P2.jpg,86219196109P

aug_user_3_P3.jpg,7215182125P

aug_user_3_P4.jpg,2499139119P

aug_user_3_P5.jpg,5063150163P

aug_user_3_P6.jpg,4155141155P

aug_user_3_P7.jpg,27216917269P

aug_user_3_P8.jpg,26317016370P

aug_user_3_P9.jpg,26916716967P

aug_user_3_Q0.jpg,88212188112Q

aug_user_3_Q1.jpg,239212139112Q

aug_user_3_Q2.jpg,9532195132Q

aug_user_3_Q3.jpg,8228182128Q

aug_user_3_Q4.jpg,86222186122Q

aug_user_3_Q5.jpg,6549145129Q

aug_user_3_Q6.jpg,26544185124Q

aug_user_3_Q7.jpg,6953149133Q

aug_user_3_Q8.jpg,4855128135Q

aug_user_3_Q9.jpg,263182183102Q

aug_user_3_R0.jpg,1842294489R

aug_user_3_R1.jpg,1197259147R

aug_user_3_R2.jpg,1732133161R

aug_user_3_R3.jpg,1841344153R

aug_user_3_R4.jpg,13222272162R

aug_user_3_R5.jpg,9431204141R

aug_user_3_R6.jpg,22229112139R

aug_user_3_R7.jpg,21640106150R

aug_user_3_R8.jpg,101200201100R

aug_user_3_R9.jpg,217203117103R

aug_user_3_S0.jpg,1603060130S

aug_user_3_S1.jpg,17121271112S

aug_user_3_S2.jpg,15020260112S

aug_user_3_S3.jpg,16520475114S

aug_user_3_S4.jpg,15319963109S

aug_user_3_S5.jpg,21117412184S

aug_user_3_S6.jpg,22018213092S

aug_user_3_S7.jpg,21058120148S

aug_user_3_S8.jpg,9118318193S

aug_user_3_S9.jpg,9818418894S

aug_user_3_T0.jpg,1562966119T

aug_user_3_T1.jpg,1693179121T

aug_user_3_T2.jpg,16621166111T

aug_user_3_T3.jpg,16921269112T

aug_user_3_T4.jpg,14337243137T

aug_user_3_T5.jpg,10816421854T

aug_user_3_T6.jpg,21116910159T

aug_user_3_T7.jpg,1951568546T

aug_user_3_T8.jpg,21516310553T

aug_user_3_T9.jpg,21415110441T

aug_user_3_U0.jpg,116233246103U

aug_user_3_U1.jpg,122230252100U

aug_user_3_U2.jpg,11016240146U

aug_user_3_U3.jpg,13122626196U

aug_user_3_U4.jpg,11422324493U

aug_user_3_U5.jpg,23626116146U

aug_user_3_U6.jpg,7921619996U

aug_user_3_U7.jpg,22721110791U

aug_user_3_U8.jpg,8429204149U

aug_user_3_U9.jpg,9333213153U

aug_user_3_V0.jpg,1831763137V

aug_user_3_V1.jpg,13119251139V

aug_user_3_V2.jpg,14321826398V

aug_user_3_V3.jpg,1992679146V

aug_user_3_V4.jpg,1822126292V

aug_user_3_V5.jpg,23825108155V

aug_user_3_V6.jpg,25222212292V

aug_user_3_V7.jpg,23323103153V

aug_user_3_V8.jpg,7320719387V

aug_user_3_V9.jpg,24137121157V

aug_user_3_W0.jpg,1249254139W

aug_user_3_W1.jpg,20923479104W

aug_user_3_W2.jpg,1811151141W

aug_user_3_W3.jpg,107234237104W

aug_user_3_W4.jpg,1262256132W

aug_user_3_W5.jpg,24726117156W

aug_user_3_W6.jpg,5322618396W

aug_user_3_W7.jpg,24820612886W

aug_user_3_W8.jpg,25843138163W

aug_user_3_W9.jpg,24749137159W

aug_user_3_X0.jpg,17523585145X

aug_user_3_X1.jpg,156232246142X

aug_user_3_X2.jpg,118220892X

aug_user_3_X3.jpg,18179197X

aug_user_3_X4.jpg,190236100146X

aug_user_3_X5.jpg,9720920799X

aug_user_3_X6.jpg,25622146132X

aug_user_3_X7.jpg,21028100138X

aug_user_3_X8.jpg,7939189149X

aug_user_3_X9.jpg,9645206155X

aug_user_3_Y0.jpg,1781158131Y

aug_user_3_Y1.jpg,1328252128Y

aug_user_3_Y2.jpg,17623456114Y

aug_user_3_Y3.jpg,1244244124Y

aug_user_3_Y4.jpg,138230258110Y

aug_user_3_Y5.jpg,10351213161Y

aug_user_3_Y6.jpg,8019119081Y

aug_user_3_Y7.jpg,22852118162Y

aug_user_3_Y8.jpg,23958129168Y

aug_user_3_Y9.jpg,23664126174Y

aug_user_4_A0.jpg,16714723777A

aug_user_4_A1.jpg,16793237163A

aug_user_4_A2.jpg,16793237163A

aug_user_4_A3.jpg,1528682156A

aug_user_4_A4.jpg,16688236158A

aug_user_4_A5.jpg,126203226103A

aug_user_4_A6.jpg,1893689136A

aug_user_4_A7.jpg,1884398133A

aug_user_4_A8.jpg,13141221131A

aug_user_4_A9.jpg,1894199131A

aug_user_4_B0.jpg,1894849188B

aug_user_4_B1.jpg,1791875967B

aug_user_4_B2.jpg,1765966169B

aug_user_4_B3.jpg,14218826268B

aug_user_4_B4.jpg,14252272182B

aug_user_4_B5.jpg,7121241191B

aug_user_4_B6.jpg,2422198259B

aug_user_4_B7.jpg,257677186B

aug_user_4_B8.jpg,2641674206B

aug_user_4_B9.jpg,5221225212B

aug_user_4_C0.jpg,1705660166C

aug_user_4_C1.jpg,1626062160C

aug_user_4_C2.jpg,16264262164C

aug_user_4_C3.jpg,1501646074C

aug_user_4_C4.jpg,1511636173C

aug_user_4_C5.jpg,196876128C

aug_user_4_C6.jpg,123229243109C

aug_user_4_C7.jpg,1951175131C

aug_user_4_C8.jpg,12511245131C

aug_user_4_C9.jpg,9823823898C

aug_user_4_D0.jpg,12017726037D

aug_user_4_D1.jpg,1981845844D

aug_user_4_D2.jpg,13318226352D

aug_user_4_D3.jpg,13318226352D

aug_user_4_D4.jpg,1875857188D

aug_user_4_D5.jpg,240470174D

aug_user_4_D6.jpg,887248167D

aug_user_4_D7.jpg,898249168D

aug_user_4_D8.jpg,2232267376D

aug_user_4_D9.jpg,8423627446D

aug_user_4_E0.jpg,1801718071E

aug_user_4_E1.jpg,13517423574E

aug_user_4_E2.jpg,1791797979E

aug_user_4_E3.jpg,1736683156E

aug_user_4_E4.jpg,1761738683E

aug_user_4_E5.jpg,2202089078E

aug_user_4_E6.jpg,2152885158E

aug_user_4_E7.jpg,10725237155E

aug_user_4_E8.jpg,11921223992E

aug_user_4_E9.jpg,1983388143E

aug_user_4_F0.jpg,12720625776F

aug_user_4_F1.jpg,13635266165F

aug_user_4_F2.jpg,12932259162F

aug_user_4_F3.jpg,13820426874F

aug_user_4_F4.jpg,15019928069F

aug_user_4_F5.jpg,1812353185F

aug_user_4_F6.jpg,1349284159F

aug_user_4_F7.jpg,1424292154F

aug_user_4_F8.jpg,1712322182F

aug_user_4_F9.jpg,1842373487F

aug_user_4_G0.jpg,1524622176G

aug_user_4_G1.jpg,18048310178G

aug_user_4_G2.jpg,133503180G

aug_user_4_G3.jpg,121190170G

aug_user_4_G4.jpg,17418431444G

aug_user_4_G5.jpg,12531285191G

aug_user_4_G6.jpg,13626296186G

aug_user_4_G7.jpg,13123291183G

aug_user_4_G8.jpg,1782518185G

aug_user_4_G9.jpg,1852062546G

aug_user_4_H0.jpg,15216129221H

aug_user_4_H1.jpg,1517911219H

aug_user_4_H2.jpg,17915631916H

aug_user_4_H3.jpg,141156116H

aug_user_4_H4.jpg,143903230H

aug_user_4_H5.jpg,13228302198H

aug_user_4_H6.jpg,1912122142H

aug_user_4_H7.jpg,1832181348H

aug_user_4_H8.jpg,1912192149H

aug_user_4_H9.jpg,1832151345H

aug_user_4_I0.jpg,9319520385I

aug_user_4_I1.jpg,23219612286I

aug_user_4_I2.jpg,21345103155I

aug_user_4_I3.jpg,8943199153I

aug_user_4_I4.jpg,23438124148I

aug_user_4_I5.jpg,9921925959I

aug_user_4_I6.jpg,2272067180I

aug_user_4_I7.jpg,11121271181I

aug_user_4_I8.jpg,10022926069I

aug_user_4_I9.jpg,2122452184I

aug_user_4_K0.jpg,3417218422K

aug_user_4_K1.jpg,29817414824K

aug_user_4_K2.jpg,29071140221K

aug_user_4_K3.jpg,31017416024K

aug_user_4_K4.jpg,31618016630K

aug_user_4_K5.jpg,31122711127K

aug_user_4_K6.jpg,2971497214K

aug_user_4_K7.jpg,30413104213K

aug_user_4_K8.jpg,31923011930K

aug_user_4_K9.jpg,10201200K

aug_user_4_L0.jpg,1202290172L

aug_user_4_L1.jpg,1892321962L

aug_user_4_L2.jpg,11223728267L

aug_user_4_L3.jpg,1225292175L

aug_user_4_L4.jpg,2112364166L

aug_user_4_L5.jpg,10217302217L

aug_user_4_L6.jpg,1036303206L

aug_user_4_L7.jpg,973297203L

aug_user_4_L8.jpg,10723329743L

aug_user_4_L9.jpg,1031293191L

aug_user_4_M0.jpg,25458124188M

aug_user_4_M1.jpg,7117220142M

aug_user_4_M2.jpg,6369193199M

aug_user_4_M3.jpg,7672206202M

aug_user_4_M4.jpg,25275122205M

aug_user_4_M5.jpg,12653256183M

aug_user_4_M6.jpg,11851248181M

aug_user_4_M7.jpg,13219426264M

aug_user_4_M8.jpg,12119925169M

aug_user_4_M9.jpg,13419226462M

aug_user_4_N0.jpg,8918820968N

aug_user_4_N1.jpg,23918611966N

aug_user_4_N2.jpg,2171809760N

aug_user_4_N3.jpg,23861118181N

aug_user_4_N4.jpg,22418210462N

aug_user_4_N5.jpg,10549225169N

aug_user_4_N6.jpg,9719021770N

aug_user_4_N7.jpg,11118423164N

aug_user_4_N8.jpg,2164196161N

aug_user_4_N9.jpg,22619610676N

aug_user_4_O0.jpg,211991129O

aug_user_4_O1.jpg,2225102125O

aug_user_4_O2.jpg,211891128O

aug_user_4_O3.jpg,207887128O

aug_user_4_O4.jpg,21723397113O

aug_user_4_O5.jpg,151331123O

aug_user_4_O6.jpg,158240278120O

aug_user_4_O7.jpg,173240293120O

aug_user_4_O8.jpg,1610281120O

aug_user_4_O9.jpg,160040120O

aug_user_4_P0.jpg,24814713837P

aug_user_4_P1.jpg,7183181193P

aug_user_4_P2.jpg,252102142212P

aug_user_4_P3.jpg,7999189209P

aug_user_4_P4.jpg,6514717537P

aug_user_4_P5.jpg,31018617046P

aug_user_4_P6.jpg,1950159190P

aug_user_4_P7.jpg,30554165194P

aug_user_4_P8.jpg,1219315253P

aug_user_4_P9.jpg,30561165201P

aug_user_4_Q0.jpg,23818411864Q

aug_user_4_Q1.jpg,25019613076Q

aug_user_4_Q2.jpg,24655126175Q

aug_user_4_Q3.jpg,6946189166Q

aug_user_4_Q4.jpg,23719111771Q

aug_user_4_Q5.jpg,2573477214Q

aug_user_4_Q6.jpg,2642148434Q

aug_user_4_Q7.jpg,2492136933Q

aug_user_4_Q8.jpg,6321924339Q

aug_user_4_Q9.jpg,6420824428Q

aug_user_4_R0.jpg,2132248394R

aug_user_4_R1.jpg,2142248494R

aug_user_4_R2.jpg,12113251143R

aug_user_4_R3.jpg,2251695146R

aug_user_4_R4.jpg,11518245148R

aug_user_4_R5.jpg,2252204540R

aug_user_4_R6.jpg,2271737207R

aug_user_4_R7.jpg,8221827228R

aug_user_4_R8.jpg,2192229212R

aug_user_4_R9.jpg,7917269207R

aug_user_4_S0.jpg,116197206107S

aug_user_4_S1.jpg,10939199129S

aug_user_4_S2.jpg,123196213106S

aug_user_4_S3.jpg,108199198109S

aug_user_4_S4.jpg,198194108104S

aug_user_4_S5.jpg,10760237190S

aug_user_4_S6.jpg,2225692186S

aug_user_4_S7.jpg,2031867356S

aug_user_4_S8.jpg,9950229180S

aug_user_4_S9.jpg,11157241187S

aug_user_4_T0.jpg,12636246156T

aug_user_4_T1.jpg,11834238154T

aug_user_4_T2.jpg,12932239142T

aug_user_4_T3.jpg,118211228101T

aug_user_4_T4.jpg,122205222105T

aug_user_4_T5.jpg,14342293192T

aug_user_4_T6.jpg,1933743187T

aug_user_4_T7.jpg,1782002850T

aug_user_4_T8.jpg,12933279183T

aug_user_4_T9.jpg,13937289187T

aug_user_4_U0.jpg,12420424484U

aug_user_4_U1.jpg,11431234151U

aug_user_4_U2.jpg,1973277152U

aug_user_4_U3.jpg,11228242158U

aug_user_4_U4.jpg,10530235160U

aug_user_4_U5.jpg,249197597U

aug_user_4_U6.jpg,631912531U

aug_user_4_U7.jpg,741942644U

aug_user_4_U8.jpg,2574767237U

aug_user_4_U9.jpg,2594569235U

aug_user_4_V0.jpg,1904060170V

aug_user_4_V1.jpg,11720724777V

aug_user_4_V2.jpg,13420326473V

aug_user_4_V3.jpg,12336253166V

aug_user_4_V4.jpg,13520226572V

aug_user_4_V5.jpg,841612441V

aug_user_4_V6.jpg,751642354V

aug_user_4_V7.jpg,8279242239V

aug_user_4_V8.jpg,227168678V

aug_user_4_V9.jpg,2411748114V

aug_user_4_W0.jpg,2101777037W

aug_user_4_W1.jpg,25451114191W

aug_user_4_W2.jpg,9418723447W

aug_user_4_W3.jpg,10120024160W

aug_user_4_W4.jpg,10218524245W

aug_user_4_W5.jpg,236173663W

aug_user_4_W6.jpg,6158231228W

aug_user_4_W7.jpg,2476977239W

aug_user_4_W8.jpg,6659236229W

aug_user_4_W9.jpg,241177717W

aug_user_4_X0.jpg,13620725687X

aug_user_4_X1.jpg,12227242147X

aug_user_4_X2.jpg,14631266151X

aug_user_4_X3.jpg,1942674146X

aug_user_4_X4.jpg,13620925689X

aug_user_4_X5.jpg,12653276203X

aug_user_4_X6.jpg,10819525845X

aug_user_4_X7.jpg,1821883238X

aug_user_4_X8.jpg,2101946044X

aug_user_4_X9.jpg,12444274194X

aug_user_4_Y0.jpg,2066276192Y

aug_user_4_Y1.jpg,9617522645Y

aug_user_4_Y2.jpg,11917324943Y

aug_user_4_Y3.jpg,9318022350Y

aug_user_4_Y4.jpg,2181778847Y

aug_user_4_Y5.jpg,2297369233Y

aug_user_4_Y6.jpg,2386668236Y

aug_user_4_Y7.jpg,222176526Y

aug_user_4_Y8.jpg,2376067230Y

aug_user_4_Y9.jpg,2166546235Y

aug_user_5_A0.jpg,1399249182A

aug_user_5_A1.jpg,1409550185A

aug_user_5_A2.jpg,18014327053A

aug_user_5_A3.jpg,18098270188A

aug_user_5_A4.jpg,14110351193A

aug_user_5_A5.jpg,11619026100A

aug_user_5_A6.jpg,204190294100A

aug_user_5_A7.jpg,1155025140A

aug_user_5_A8.jpg,1115021140A

aug_user_5_A9.jpg,20518929599A

aug_user_5_B0.jpg,16319329363B

aug_user_5_B1.jpg,16347293177B

aug_user_5_B2.jpg,1571932763B

aug_user_5_B3.jpg,16918828968B

aug_user_5_B4.jpg,1435833168B

aug_user_5_B5.jpg,16922731977B

aug_user_5_B6.jpg,16913319163B

aug_user_5_B7.jpg,142226286B

aug_user_5_B8.jpg,17814318154B

aug_user_5_B9.jpg,137221791B

aug_user_5_C0.jpg,1254915159C

aug_user_5_C1.jpg,1251921582C

aug_user_5_C2.jpg,19548305158C

aug_user_5_C3.jpg,1221881278C

aug_user_5_C4.jpg,20260302160C

aug_user_5_C5.jpg,1521822252C

aug_user_5_C6.jpg,1491881958C

aug_user_5_C7.jpg,1444014170C

aug_user_5_C8.jpg,1443314163C

aug_user_5_C9.jpg,17728307158C

aug_user_5_D0.jpg,1671921742D

aug_user_5_D1.jpg,15720230752D

aug_user_5_D2.jpg,15920730957D

aug_user_5_D3.jpg,16521231562D

aug_user_5_D4.jpg,153214364D

aug_user_5_D5.jpg,1872171747D

aug_user_5_D6.jpg,13114301184D

aug_user_5_D7.jpg,1702311071D

aug_user_5_D8.jpg,16141164D

aug_user_5_D9.jpg,150910149D

aug_user_5_E0.jpg,1591644954E

aug_user_5_E1.jpg,16916727957E

aug_user_5_E2.jpg,1541734463E

aug_user_5_E3.jpg,1481763866E

aug_user_5_E4.jpg,1386328173E

aug_user_5_E5.jpg,21055310155E

aug_user_5_E6.jpg,1101851085E

aug_user_5_E7.jpg,108538153E

aug_user_5_E8.jpg,21218731287E

aug_user_5_E9.jpg,21319031390E

aug_user_5_F0.jpg,1413211162F

aug_user_5_F1.jpg,17330303160F

aug_user_5_F2.jpg,18421131481F

aug_user_5_F3.jpg,17521730587F

aug_user_5_F4.jpg,139210980F

aug_user_5_F5.jpg,10358233188F

aug_user_5_F6.jpg,10848238178F

aug_user_5_F7.jpg,12142251172F

aug_user_5_F8.jpg,2012107180F

aug_user_5_F9.jpg,1882258152F

aug_user_5_G0.jpg,1437723197G

aug_user_5_G1.jpg,18516030540G

aug_user_5_G2.jpg,17668296188G

aug_user_5_G3.jpg,1357715197G

aug_user_5_G4.jpg,17815629836G

aug_user_5_G5.jpg,131431173G

aug_user_5_G6.jpg,136198668G

aug_user_5_G7.jpg,134197467G

aug_user_5_G8.jpg,17439304169G

aug_user_5_G9.jpg,1444814178G

aug_user_5_H0.jpg,16990289210H

aug_user_5_H1.jpg,1379117211H

aug_user_5_H2.jpg,17994299214H

aug_user_5_H3.jpg,18790307210H

aug_user_5_H4.jpg,1321551235H

aug_user_5_H5.jpg,1864326203H

aug_user_5_H6.jpg,14550285190H

aug_user_5_H7.jpg,1701973057H

aug_user_5_H8.jpg,1673727177H

aug_user_5_H9.jpg,16438304178H

aug_user_5_I0.jpg,1531684358I

aug_user_5_I1.jpg,1631725362I

aug_user_5_I2.jpg,16917527965I

aug_user_5_I3.jpg,1491633953I

aug_user_5_I4.jpg,1496739177I

aug_user_5_I5.jpg,1432072387I

aug_user_5_I6.jpg,19126311146I

aug_user_5_I7.jpg,181221301101I

aug_user_5_I8.jpg,126215695I

aug_user_5_I9.jpg,18822308142I

aug_user_5_K0.jpg,16921031960K

aug_user_5_K1.jpg,14734297184K

aug_user_5_K2.jpg,16421631466K

aug_user_5_K3.jpg,1632211371K

aug_user_5_K4.jpg,16522131571K

aug_user_5_K5.jpg,13522305192K

aug_user_5_K6.jpg,14522531555K

aug_user_5_K7.jpg,13023230062K

aug_user_5_K8.jpg,14923131961K

aug_user_5_K9.jpg,13924030970K

aug_user_5_L0.jpg,15918331923L

aug_user_5_L1.jpg,161193133L

aug_user_5_L2.jpg,161204144L

aug_user_5_L3.jpg,151381188L

aug_user_5_L4.jpg,131381168L

aug_user_5_L5.jpg,14621629666L

aug_user_5_L6.jpg,14821929869L

aug_user_5_L7.jpg,16515315165L

aug_user_5_L8.jpg,1631113161L

aug_user_5_L9.jpg,1612231173L

aug_user_5_M0.jpg,1176127151M

aug_user_5_M1.jpg,12519135101M

aug_user_5_M2.jpg,1181832893M

aug_user_5_M3.jpg,19154281144M

aug_user_5_M4.jpg,1265136141M

aug_user_5_M5.jpg,1304130141M

aug_user_5_M6.jpg,1344134141M

aug_user_5_M7.jpg,20019830098M

aug_user_5_M8.jpg,19732297132M

aug_user_5_M9.jpg,1234623146M

aug_user_5_N0.jpg,12210112211N

aug_user_5_N1.jpg,19495304205N

aug_user_5_N2.jpg,12210212212N

aug_user_5_N3.jpg,18914229932N

aug_user_5_N4.jpg,20198311208N

aug_user_5_N5.jpg,1591853965N

aug_user_5_N6.jpg,16618828668N

aug_user_5_N7.jpg,1512043184N

aug_user_5_N8.jpg,1583938159N

aug_user_5_N9.jpg,18119830178N

aug_user_5_O0.jpg,1511553135O

aug_user_5_O1.jpg,1581653845O

aug_user_5_O2.jpg,17367283177O

aug_user_5_O3.jpg,17964289174O

aug_user_5_O4.jpg,16755277165O

aug_user_5_O5.jpg,1305110171O

aug_user_5_O6.jpg,18647306167O

aug_user_5_O7.jpg,19829318149O

aug_user_5_O8.jpg,19435314155O

aug_user_5_O9.jpg,18730307150O

aug_user_5_P0.jpg,16822048100P

aug_user_5_P1.jpg,1761956139P

aug_user_5_P2.jpg,15325273145P

aug_user_5_P3.jpg,1802260142P

aug_user_5_P4.jpg,1752115591P

aug_user_5_P5.jpg,13416524455P

aug_user_5_P6.jpg,12017323063P

aug_user_5_P7.jpg,1947184181P

aug_user_5_P8.jpg,2026892178P

aug_user_5_P9.jpg,11577225187P

aug_user_5_Q0.jpg,1744354163Q

aug_user_5_Q1.jpg,13920225982Q

aug_user_5_Q2.jpg,1672025792Q

aug_user_5_Q3.jpg,14132251142Q

aug_user_5_Q4.jpg,1712066196Q

aug_user_5_Q5.jpg,17818528875Q

aug_user_5_Q6.jpg,1514741157Q

aug_user_5_Q7.jpg,17917928969Q

aug_user_5_Q8.jpg,1485338163Q

aug_user_5_Q9.jpg,1471773767Q

aug_user_5_R0.jpg,1653915189R

aug_user_5_R1.jpg,1782072857R

aug_user_5_R2.jpg,1612041154R

aug_user_5_R3.jpg,14928299178R

aug_user_5_R4.jpg,16421031460R

aug_user_5_R5.jpg,18920731977R

aug_user_5_R6.jpg,131281158R

aug_user_5_R7.jpg,18332313162R

aug_user_5_R8.jpg,131206176R

aug_user_5_R9.jpg,18028310158R

aug_user_5_S0.jpg,1315231152S

aug_user_5_S1.jpg,18018828088S

aug_user_5_S2.jpg,19518529585S

aug_user_5_S3.jpg,1335533155S

aug_user_5_S4.jpg,1255725157S

aug_user_5_S5.jpg,20541305141S

aug_user_5_S6.jpg,1203820138S

aug_user_5_S7.jpg,104354135S

aug_user_5_S8.jpg,11420814108S

aug_user_5_S9.jpg,214207314107S

aug_user_5_T0.jpg,12521315103T

aug_user_5_T1.jpg,178221288111T

aug_user_5_T2.jpg,191221301111T

aug_user_5_T3.jpg,14222332113T

aug_user_5_T4.jpg,14022030110T

aug_user_5_T5.jpg,121411161T

aug_user_5_T6.jpg,126356155T

aug_user_5_T7.jpg,20219931289T

aug_user_5_T8.jpg,20620631696T

aug_user_5_T9.jpg,20419731487T

aug_user_5_U0.jpg,17020031060U

aug_user_5_U1.jpg,15234292174U

aug_user_5_U2.jpg,1522091269U

aug_user_5_U3.jpg,1592121972U

aug_user_5_U4.jpg,16937309177U

aug_user_5_U5.jpg,143219379U

aug_user_5_U6.jpg,148148154U

aug_user_5_U7.jpg,137177147U

aug_user_5_U8.jpg,1412171187U

aug_user_5_U9.jpg,18019310149U

aug_user_5_V0.jpg,16919130951V

aug_user_5_V1.jpg,1621882248V

aug_user_5_V2.jpg,17553315193V

aug_user_5_V3.jpg,16147301187V

aug_user_5_V4.jpg,16544305184V

aug_user_5_V5.jpg,143211371V

aug_user_5_V6.jpg,17930319170V

aug_user_5_V7.jpg,141206166V

aug_user_5_V8.jpg,131331163V

aug_user_5_V9.jpg,131361166V

aug_user_5_W0.jpg,18166311196W

aug_user_5_W1.jpg,1501892059W

aug_user_5_W2.jpg,1451711541W

aug_user_5_W3.jpg,16618229652W

aug_user_5_W4.jpg,1425612186W

aug_user_5_W5.jpg,17725317165W

aug_user_5_W6.jpg,16925319175W

aug_user_5_W7.jpg,15221830268W

aug_user_5_W8.jpg,151271177W

aug_user_5_W9.jpg,158216866W

aug_user_5_X0.jpg,1311591139X

aug_user_5_X1.jpg,19072310192X

aug_user_5_X2.jpg,1411622142X

aug_user_5_X3.jpg,19216831248X

aug_user_5_X4.jpg,1517931199X

aug_user_5_X5.jpg,18672316202X

aug_user_5_X6.jpg,1505920189X

aug_user_5_X7.jpg,134190460X

aug_user_5_X8.jpg,127447164X

aug_user_5_X9.jpg,18220030280X

aug_user_5_Y0.jpg,1521842254Y

aug_user_5_Y1.jpg,1735643186Y

aug_user_5_Y2.jpg,16818229852Y

aug_user_5_Y3.jpg,1675437184Y

aug_user_5_Y4.jpg,1531792349Y

aug_user_5_Y5.jpg,18920831978Y

aug_user_5_Y6.jpg,1473117161Y

aug_user_5_Y7.jpg,18925319155Y

aug_user_5_Y8.jpg,17918309148Y

aug_user_5_Y9.jpg,18920319150Y

aug_user_6_A0.jpg,1771278737A

aug_user_6_A1.jpg,17711387203A

aug_user_6_A2.jpg,17911589205A

aug_user_6_A3.jpg,17711287202A

aug_user_6_A4.jpg,17311083200A

aug_user_6_A5.jpg,19083290183A

aug_user_6_A6.jpg,1321573257A

aug_user_6_A7.jpg,1281502850A

aug_user_6_A8.jpg,18894288194A

aug_user_6_A9.jpg,18614728647A

aug_user_6_B0.jpg,2041837453B

aug_user_6_B1.jpg,2071817751B

aug_user_6_B2.jpg,11463244193B

aug_user_6_B3.jpg,2066376193B

aug_user_6_B4.jpg,1957885188B

aug_user_6_B5.jpg,16818629856B

aug_user_6_B6.jpg,1525422184B

aug_user_6_B7.jpg,17261292181B

aug_user_6_B8.jpg,1466426184B

aug_user_6_B9.jpg,17466294186B

aug_user_6_C0.jpg,10356223176C

aug_user_6_C1.jpg,2171889768C

aug_user_6_C2.jpg,2041889478C

aug_user_6_C3.jpg,11818922879C

aug_user_6_C4.jpg,11949229159C

aug_user_6_C5.jpg,1355225162C

aug_user_6_C6.jpg,1365726167C

aug_user_6_C7.jpg,18717729767C

aug_user_6_C8.jpg,1296219172C

aug_user_6_C9.jpg,1231781368C

aug_user_6_D0.jpg,2381838833D

aug_user_6_D1.jpg,2306590205D

aug_user_6_D2.jpg,2246284202D

aug_user_6_D3.jpg,2147694196D

aug_user_6_D4.jpg,2141639443D

aug_user_6_D5.jpg,11516825528D

aug_user_6_D6.jpg,1981745834D

aug_user_6_D7.jpg,13317427334D

aug_user_6_D8.jpg,1961745634D

aug_user_6_D9.jpg,13417527435D

aug_user_6_E0.jpg,17210382193E

aug_user_6_E1.jpg,15413224442E

aug_user_6_E2.jpg,1681307840E

aug_user_6_E3.jpg,156114246204E

aug_user_6_E4.jpg,15312524335E

aug_user_6_E5.jpg,16395263195E

aug_user_6_E6.jpg,16114326143E

aug_user_6_E7.jpg,1549554195E

aug_user_6_E8.jpg,17614026650E

aug_user_6_E9.jpg,14610256192E

aug_user_6_F0.jpg,11787237207F

aug_user_6_F1.jpg,2118291202F

aug_user_6_F2.jpg,11587235207F

aug_user_6_F3.jpg,2131499329F

aug_user_6_F4.jpg,10915122931F

aug_user_6_F5.jpg,1786548195F

aug_user_6_F6.jpg,13417726447F

aug_user_6_F7.jpg,14463274193F

aug_user_6_F8.jpg,1681773847F

aug_user_6_F9.jpg,1761764646F

aug_user_6_G0.jpg,139118239218G

aug_user_6_G1.jpg,17412274222G

aug_user_6_G2.jpg,14212324223G

aug_user_6_G3.jpg,16411864218G

aug_user_6_G4.jpg,154114254214G

aug_user_6_G5.jpg,157129247219G

aug_user_6_G6.jpg,154129244219G

aug_user_6_G7.jpg,16211025220G

aug_user_6_G8.jpg,17913289222G

aug_user_6_G9.jpg,1701088018G

aug_user_6_H0.jpg,14310033210H

aug_user_6_H1.jpg,18312428324H

aug_user_6_H2.jpg,17312227322H

aug_user_6_H3.jpg,18811428814H

aug_user_6_H4.jpg,170108290228H

aug_user_6_H5.jpg,1801437033H

aug_user_6_H6.jpg,13214224232H

aug_user_6_H7.jpg,13213124221H

aug_user_6_H8.jpg,12612223612H

aug_user_6_H9.jpg,18512675236H

aug_user_6_I0.jpg,1678657196I

aug_user_6_I1.jpg,14715925749I

aug_user_6_I2.jpg,15794267204I

aug_user_6_I3.jpg,1591405940I

aug_user_6_I4.jpg,16710467204I

aug_user_6_I5.jpg,19572315192I

aug_user_6_I6.jpg,124834203I

aug_user_6_I7.jpg,1311581138I

aug_user_6_I8.jpg,19915731937I

aug_user_6_I9.jpg,125765196I

aug_user_6_K0.jpg,2136683196K

aug_user_6_K1.jpg,2226692196K

aug_user_6_K2.jpg,1996769197K

aug_user_6_K3.jpg,10917823948K

aug_user_6_K4.jpg,2006970199K

aug_user_6_K5.jpg,9462234202K

aug_user_6_K6.jpg,2166576205K

aug_user_6_K7.jpg,24062100202K

aug_user_6_K8.jpg,2286788207K

aug_user_6_K9.jpg,24465104205K

aug_user_6_L0.jpg,15987289217L

aug_user_6_L1.jpg,15883288213L

aug_user_6_L2.jpg,16614929619L

aug_user_6_L3.jpg,15184281214L

aug_user_6_L4.jpg,16285292215L

aug_user_6_L5.jpg,1746544195L

aug_user_6_L6.jpg,13418126451L

aug_user_6_L7.jpg,14817327843L

aug_user_6_L8.jpg,14360273190L

aug_user_6_L9.jpg,15462284192L

aug_user_6_M0.jpg,13782237182M

aug_user_6_M1.jpg,13016023060M

aug_user_6_M2.jpg,14616124661M

aug_user_6_M3.jpg,14693226173M

aug_user_6_M4.jpg,1751508560M

aug_user_6_M5.jpg,15810458204M

aug_user_6_M6.jpg,1651396539M

aug_user_6_M7.jpg,16412626426M

aug_user_6_M8.jpg,16612066220M

aug_user_6_M9.jpg,14211924219M

aug_user_6_N0.jpg,1701208030N

aug_user_6_N1.jpg,14512123531N

aug_user_6_N2.jpg,153125243215N

aug_user_6_N3.jpg,18112091210N

aug_user_6_N4.jpg,1791138923N

aug_user_6_N5.jpg,140100250210N

aug_user_6_N6.jpg,13298242208N

aug_user_6_N7.jpg,145100255210N

aug_user_6_N8.jpg,138102248212N

aug_user_6_N9.jpg,149108259218N

aug_user_6_O0.jpg,13810048190O

aug_user_6_O1.jpg,1479657186O

aug_user_6_O2.jpg,180105270195O

aug_user_6_O3.jpg,1489958189O

aug_user_6_O4.jpg,172103262193O

aug_user_6_O5.jpg,16677276187O

aug_user_6_O6.jpg,1641675457O

aug_user_6_O7.jpg,1468136191O

aug_user_6_O8.jpg,1551604550O

aug_user_6_O9.jpg,17887288197O

aug_user_6_P0.jpg,258109158209P

aug_user_6_P1.jpg,265107165207P

aug_user_6_P2.jpg,25712615726P

aug_user_6_P3.jpg,27612617626P

aug_user_6_P4.jpg,39129139229P

aug_user_6_P5.jpg,51101161211P

aug_user_6_P6.jpg,280101170211P

aug_user_6_P7.jpg,45111155221P

aug_user_6_P8.jpg,44105154215P

aug_user_6_P9.jpg,3712514715P

aug_user_6_Q0.jpg,15912424934Q

aug_user_6_Q1.jpg,17011380203Q

aug_user_6_Q2.jpg,16412074210Q

aug_user_6_Q3.jpg,144115234205Q

aug_user_6_Q4.jpg,17512385213Q

aug_user_6_Q5.jpg,19810498204Q

aug_user_6_Q6.jpg,138103238203Q

aug_user_6_Q7.jpg,20413810438Q

aug_user_6_Q8.jpg,1851298529Q

aug_user_6_Q9.jpg,12513122531Q

aug_user_6_R0.jpg,1631523322R

aug_user_6_R1.jpg,1801575027R

aug_user_6_R2.jpg,1591522922R

aug_user_6_R3.jpg,1701424012R

aug_user_6_R4.jpg,1601423012R

aug_user_6_R5.jpg,17053310193R

aug_user_6_R6.jpg,16519330553R

aug_user_6_R7.jpg,1535613196R

aug_user_6_R8.jpg,1671822742R

aug_user_6_R9.jpg,1576217202R

aug_user_6_S0.jpg,1469256182S

aug_user_6_S1.jpg,16292252182S

aug_user_6_S2.jpg,17497264187S

aug_user_6_S3.jpg,1481475857S

aug_user_6_S4.jpg,1351444554S

aug_user_6_S5.jpg,14815325843S

aug_user_6_S6.jpg,14115625146S

aug_user_6_S7.jpg,1691495939S

aug_user_6_S8.jpg,1781396829S

aug_user_6_S9.jpg,14612824628S

aug_user_6_T0.jpg,192117292217T

aug_user_6_T1.jpg,17612827628T

aug_user_6_T2.jpg,1321203220T

aug_user_6_T3.jpg,13711537215T

aug_user_6_T4.jpg,1361183618T

aug_user_6_T5.jpg,1301553055T

aug_user_6_T6.jpg,18582285182T

aug_user_6_T7.jpg,20292302192T

aug_user_6_T8.jpg,19814429844T

aug_user_6_T9.jpg,20314130341T

aug_user_6_U0.jpg,14917127941U

aug_user_6_U1.jpg,13716726737U

aug_user_6_U2.jpg,15778287208U

aug_user_6_U3.jpg,13974269204U

aug_user_6_U4.jpg,14678276208U

aug_user_6_U5.jpg,15782287212U

aug_user_6_U6.jpg,15317228342U

aug_user_6_U7.jpg,15415728427U

aug_user_6_U8.jpg,1721604230U

aug_user_6_U9.jpg,1811575127U

aug_user_6_V0.jpg,13775267205V

aug_user_6_V1.jpg,13171261201V

aug_user_6_V2.jpg,15074280204V

aug_user_6_V3.jpg,1818551215V

aug_user_6_V4.jpg,15715228722V

aug_user_6_V5.jpg,1621932253V

aug_user_6_V6.jpg,1711943154V

aug_user_6_V7.jpg,1535513195V

aug_user_6_V8.jpg,1656025200V

aug_user_6_V9.jpg,16317530335V

aug_user_6_W0.jpg,1658135211W

aug_user_6_W1.jpg,13116626136W

aug_user_6_W2.jpg,1708740217W

aug_user_6_W3.jpg,13515726527W

aug_user_6_W4.jpg,1699539225W

aug_user_6_W5.jpg,1711913151W

aug_user_6_W6.jpg,13620427664W

aug_user_6_W7.jpg,1715731197W

aug_user_6_W8.jpg,1835843198W

aug_user_6_W9.jpg,1771783738W

aug_user_6_X0.jpg,16014526045X

aug_user_6_X1.jpg,14687246187X

aug_user_6_X2.jpg,16010260202X

aug_user_6_X3.jpg,15095250195X

aug_user_6_X4.jpg,162109262209X

aug_user_6_X5.jpg,1891685938X

aug_user_6_X6.jpg,9756227186X

aug_user_6_X7.jpg,1896059190X

aug_user_6_X8.jpg,11853248183X

aug_user_6_X9.jpg,1801725042X

aug_user_6_Y0.jpg,15883288213Y

aug_user_6_Y1.jpg,1867956209Y

aug_user_6_Y2.jpg,14915627926Y

aug_user_6_Y3.jpg,13284262214Y

aug_user_6_Y4.jpg,14215127221Y

aug_user_6_Y5.jpg,1591742944Y

aug_user_6_Y6.jpg,14061270191Y

aug_user_6_Y7.jpg,16017629046Y

aug_user_6_Y8.jpg,1786148191Y

aug_user_6_Y9.jpg,1621693239Y

aug_user_7_A0.jpg,169201259111A

aug_user_7_A1.jpg,15020560115A

aug_user_7_A2.jpg,167214267114A

aug_user_7_A3.jpg,167214267114A

aug_user_7_A4.jpg,1533053130A

aug_user_7_A5.jpg,1388858168A

aug_user_7_A6.jpg,18186261166A

aug_user_7_A7.jpg,18186261166A

aug_user_7_A8.jpg,17816126871A

aug_user_7_A9.jpg,1417451164A

aug_user_7_B0.jpg,2172217781B

aug_user_7_B1.jpg,11821124881B

aug_user_7_B2.jpg,1922057285B

aug_user_7_B3.jpg,1873967159B

aug_user_7_B4.jpg,13446254166B

aug_user_7_B5.jpg,16417329443B

aug_user_7_B6.jpg,1566726197B

aug_user_7_B7.jpg,1621743244B

aug_user_7_B8.jpg,1636733197B

aug_user_7_B9.jpg,1581673847B

aug_user_7_C0.jpg,1551955595C

aug_user_7_C1.jpg,17319327393C

aug_user_7_C2.jpg,17352273152C

aug_user_7_C3.jpg,17018727087C

aug_user_7_C4.jpg,1525052150C

aug_user_7_C5.jpg,20315830358C

aug_user_7_C6.jpg,20415730457C

aug_user_7_C7.jpg,1141601460C

aug_user_7_C8.jpg,20116430164C

aug_user_7_C9.jpg,20776307176C

aug_user_7_D0.jpg,2331966326D

aug_user_7_D1.jpg,2242046444D

aug_user_7_D2.jpg,2312077147D

aug_user_7_D3.jpg,2172087768D

aug_user_7_D4.jpg,2132097369D

aug_user_7_D5.jpg,17069300199D

aug_user_7_D6.jpg,1556725197D

aug_user_7_D7.jpg,15917328943D

aug_user_7_D8.jpg,15864288194D

aug_user_7_D9.jpg,16617729647D

aug_user_7_E0.jpg,1935683166E

aug_user_7_E1.jpg,12763227163E

aug_user_7_E2.jpg,13070220160E

aug_user_7_E3.jpg,1801719081E

aug_user_7_E4.jpg,1857295162E

aug_user_7_E5.jpg,1538753187E

aug_user_7_E6.jpg,16385263185E

aug_user_7_E7.jpg,16986269186E

aug_user_7_E8.jpg,1491594959E

aug_user_7_E9.jpg,1581585858E

aug_user_7_F0.jpg,15821727897F

aug_user_7_F1.jpg,14421626496F

aug_user_7_F2.jpg,1652104590F

aug_user_7_F3.jpg,15521027590F

aug_user_7_F4.jpg,1752085588F

aug_user_7_F5.jpg,18860308180F

aug_user_7_F6.jpg,1391801960F

aug_user_7_F7.jpg,128179859F

aug_user_7_F8.jpg,1376017180F

aug_user_7_F9.jpg,1336613186F

aug_user_7_G0.jpg,15219725297G

aug_user_7_G1.jpg,14543245143G

aug_user_7_G2.jpg,15119925199G

aug_user_7_G3.jpg,1783878138G

aug_user_7_G4.jpg,1663866138G

aug_user_7_G5.jpg,20716131751G

aug_user_7_G6.jpg,20216431254G

aug_user_7_G7.jpg,113144334G

aug_user_7_G8.jpg,19688306198G

aug_user_7_G9.jpg,118808190G

aug_user_7_H0.jpg,17619928689H

aug_user_7_H1.jpg,17034280144H

aug_user_7_H2.jpg,18126281126H

aug_user_7_H3.jpg,17624276124H

aug_user_7_H4.jpg,182214282114H

aug_user_7_H5.jpg,20356313166H

aug_user_7_H6.jpg,119689178H

aug_user_7_H7.jpg,117186776H

aug_user_7_H8.jpg,1261881678H

aug_user_7_H9.jpg,20719131781H

aug_user_7_I0.jpg,15954269164I

aug_user_7_I1.jpg,1784768157I

aug_user_7_I2.jpg,1671875777I

aug_user_7_I3.jpg,1671715761I

aug_user_7_I4.jpg,1661815671I

aug_user_7_I5.jpg,1331712361I

aug_user_7_I6.jpg,1441753465I

aug_user_7_I7.jpg,15965269175I

aug_user_7_I8.jpg,1491733963I

aug_user_7_I9.jpg,16618027670I

aug_user_7_K0.jpg,11419244149K

aug_user_7_K1.jpg,2252395153K

aug_user_7_K2.jpg,12125251155K

aug_user_7_K3.jpg,9722822798K

aug_user_7_K4.jpg,2172148784K

aug_user_7_K5.jpg,1863256162K

aug_user_7_K6.jpg,12032250162K

aug_user_7_K7.jpg,14335273165K

aug_user_7_K8.jpg,2022157285K

aug_user_7_K9.jpg,11220224272K

aug_user_7_L0.jpg,13119261149L

aug_user_7_L1.jpg,14121927189L

aug_user_7_L2.jpg,1942266496L

aug_user_7_L3.jpg,12821325883L

aug_user_7_L4.jpg,12414254144L

aug_user_7_L5.jpg,17517305147L

aug_user_7_L6.jpg,1551325143L

aug_user_7_L7.jpg,1421912149L

aug_user_7_L8.jpg,1611331143L

aug_user_7_L9.jpg,1481818148L

aug_user_7_M0.jpg,20478114168M

aug_user_7_M1.jpg,21270122160M

aug_user_7_M2.jpg,20515911569M

aug_user_7_M3.jpg,21577125167M

aug_user_7_M4.jpg,22582135172M

aug_user_7_M5.jpg,18049270139M

aug_user_7_M6.jpg,15119461104M

aug_user_7_M7.jpg,178190268100M

aug_user_7_M8.jpg,1465056140M

aug_user_7_M9.jpg,1435553145M

aug_user_7_N0.jpg,1951599559N

aug_user_7_N1.jpg,11577215177N

aug_user_7_N2.jpg,11714821748N

aug_user_7_N3.jpg,10788207188N

aug_user_7_N4.jpg,21515311553N

aug_user_7_N5.jpg,18957279147N

aug_user_7_N6.jpg,17918626996N

aug_user_7_N7.jpg,1285838148N

aug_user_7_N8.jpg,17962269152N

aug_user_7_N9.jpg,18965279155N

aug_user_7_O0.jpg,1635173141O

aug_user_7_O1.jpg,1694979139O

aug_user_7_O2.jpg,15354243144O

aug_user_7_O3.jpg,157190247100O

aug_user_7_O4.jpg,1684878138O

aug_user_7_O5.jpg,1283718147O

aug_user_7_O6.jpg,18136291146O

aug_user_7_O7.jpg,192210302100O

aug_user_7_O8.jpg,1362092699O

aug_user_7_O9.jpg,1163926129O

aug_user_7_P0.jpg,278102168212P

aug_user_7_P1.jpg,28187171197P

aug_user_7_P2.jpg,35104145214P

aug_user_7_P3.jpg,27214216232P

aug_user_7_P4.jpg,3214614236P

aug_user_7_P5.jpg,20612711637P

aug_user_7_P6.jpg,101111191201P

aug_user_7_P7.jpg,11012320033P

aug_user_7_P8.jpg,212109122199P

aug_user_7_P9.jpg,9712718737P

aug_user_7_Q0.jpg,262139172229Q

aug_user_7_Q1.jpg,27110518115Q

aug_user_7_Q2.jpg,25711116721Q

aug_user_7_Q3.jpg,268123178213Q

aug_user_7_Q4.jpg,260127170217Q

aug_user_7_Q5.jpg,114148194228Q

aug_user_7_Q6.jpg,1039618316Q

aug_user_7_Q7.jpg,206146126226Q

aug_user_7_Q8.jpg,219145139225Q

aug_user_7_Q9.jpg,101148181228Q

aug_user_7_R0.jpg,8918021950R

aug_user_7_R1.jpg,8154211184R

aug_user_7_R2.jpg,2246094190R

aug_user_7_R3.jpg,7918620956R

aug_user_7_R4.jpg,8118121151R

aug_user_7_R5.jpg,15218427264R

aug_user_7_R6.jpg,1666556175R

aug_user_7_R7.jpg,1681795869R

aug_user_7_R8.jpg,1671745764R

aug_user_7_R9.jpg,1821757265R

aug_user_7_S0.jpg,10916220962S

aug_user_7_S1.jpg,9977199177S

aug_user_7_S2.jpg,20417010470S

aug_user_7_S3.jpg,21466114166S

aug_user_7_S4.jpg,20068100168S

aug_user_7_S5.jpg,1691707980S

aug_user_7_S6.jpg,14368233158S

aug_user_7_S7.jpg,15369243159S

aug_user_7_S8.jpg,14569235159S

aug_user_7_S9.jpg,15816924879S

aug_user_7_T0.jpg,1959085200T

aug_user_7_T1.jpg,2028692196T

aug_user_7_T2.jpg,13114524135T

aug_user_7_T3.jpg,12285232195T

aug_user_7_T4.jpg,12815223842T

aug_user_7_T5.jpg,19263292163T

aug_user_7_T6.jpg,1265326153T

aug_user_7_T7.jpg,19017629076T

aug_user_7_T8.jpg,19917829978T

aug_user_7_T9.jpg,18817128871T

aug_user_7_U0.jpg,10619623666U

aug_user_7_U1.jpg,2281999869U

aug_user_7_U2.jpg,10219023260U

aug_user_7_U3.jpg,8151211181U

aug_user_7_U4.jpg,9619222662U

aug_user_7_U5.jpg,15121228182U

aug_user_7_U6.jpg,1752045150U

aug_user_7_U7.jpg,1572927159U

aug_user_7_U8.jpg,15621528685U

aug_user_7_U9.jpg,1522062276U

aug_user_7_V0.jpg,2066696176V

aug_user_7_V1.jpg,21817810868V

aug_user_7_V2.jpg,2071709760V

aug_user_7_V3.jpg,9765217185V

aug_user_7_V4.jpg,24264122184V

aug_user_7_V5.jpg,1545434174V

aug_user_7_V6.jpg,15346273166V

aug_user_7_V7.jpg,18652306172V

aug_user_7_V8.jpg,1511943174V

aug_user_7_V9.jpg,17518529565V

aug_user_7_W0.jpg,9860218180W

aug_user_7_W1.jpg,9618621666W

aug_user_7_W2.jpg,10418022460W

aug_user_7_W3.jpg,8518520565W

aug_user_7_W4.jpg,22619210672W

aug_user_7_W5.jpg,1572113791W

aug_user_7_W6.jpg,14431264151W

aug_user_7_W7.jpg,17334293154W

aug_user_7_W8.jpg,15927279147W

aug_user_7_W9.jpg,16635286155W

aug_user_7_X0.jpg,12918023970X

aug_user_7_X1.jpg,1884778157X

aug_user_7_X2.jpg,13816624856X

aug_user_7_X3.jpg,12316423354X

aug_user_7_X4.jpg,14181251191X

aug_user_7_X5.jpg,19537295137X

aug_user_7_X6.jpg,1302330123X

aug_user_7_X7.jpg,20351303151X

aug_user_7_X8.jpg,19017829078X

aug_user_7_X9.jpg,1185918159X

aug_user_7_Y0.jpg,2141749454Y

aug_user_7_Y1.jpg,8317220352Y

aug_user_7_Y2.jpg,8583205203Y

aug_user_7_Y3.jpg,23515711537Y

aug_user_7_Y4.jpg,22879108199Y

aug_user_7_Y5.jpg,1611944174Y

aug_user_7_Y6.jpg,14519026570Y

aug_user_7_Y7.jpg,1661864666Y

aug_user_7_Y8.jpg,1905670176Y

aug_user_7_Y9.jpg,1725952179Y

aug_user_9_A0.jpg,14519655106A

aug_user_9_A1.jpg,1404960129A

aug_user_9_A2.jpg,180191260111A

aug_user_9_A3.jpg,177191257111A

aug_user_9_A4.jpg,178196258116A

aug_user_9_A5.jpg,275203175103A

aug_user_9_A6.jpg,4020815098A

aug_user_9_A7.jpg,28320117391A

aug_user_9_A8.jpg,4019314093A

aug_user_9_A9.jpg,4019314093A

aug_user_9_B0.jpg,1712153175B

aug_user_9_B1.jpg,1582122882B

aug_user_9_B2.jpg,1402810158B

aug_user_9_B3.jpg,139209979B

aug_user_9_B4.jpg,142402180B

aug_user_9_B5.jpg,1223219252B

aug_user_9_B6.jpg,2523019560B

aug_user_9_B7.jpg,28923211962B

aug_user_9_B8.jpg,4719197169B

aug_user_9_B9.jpg,5521419574B

aug_user_9_C0.jpg,17248302178C

aug_user_9_C1.jpg,1481991869C

aug_user_9_C2.jpg,1305210172C

aug_user_9_C3.jpg,19116831148C

aug_user_9_C4.jpg,1441522432C

aug_user_9_C5.jpg,7422920499C

aug_user_9_C6.jpg,24520115150C

aug_user_9_C7.jpg,6920820968C

aug_user_9_C8.jpg,6634206174C

aug_user_9_C9.jpg,25523115163C

aug_user_9_D0.jpg,1859315139D

aug_user_9_D1.jpg,194229314109D

aug_user_9_D2.jpg,124164136D

aug_user_9_D3.jpg,1172197109D

aug_user_9_D4.jpg,203217313107D

aug_user_9_D5.jpg,2512101152D

aug_user_9_D6.jpg,692219152D

aug_user_9_D7.jpg,2382398889D

aug_user_9_D8.jpg,2322329292D

aug_user_9_D9.jpg,9113231153D

aug_user_9_E0.jpg,12419022490E

aug_user_9_E1.jpg,1964396143E

aug_user_9_E2.jpg,12639226139E

aug_user_9_E3.jpg,1745494134E

aug_user_9_E4.jpg,1911819181E

aug_user_9_E5.jpg,24531135141E

aug_user_9_E6.jpg,238201138101E

aug_user_9_E7.jpg,23744137144E

aug_user_9_E8.jpg,8344183144E

aug_user_9_E9.jpg,7137181147E

aug_user_9_F0.jpg,11522226572F

aug_user_9_F1.jpg,2152065170F

aug_user_9_F2.jpg,1842205490F

aug_user_9_F3.jpg,12520255150F

aug_user_9_F4.jpg,1782174887F

aug_user_9_F5.jpg,6214192144F

aug_user_9_F6.jpg,6022219092F

aug_user_9_F7.jpg,7121720187F

aug_user_9_F8.jpg,24420212482F

aug_user_9_F9.jpg,7620219682F

aug_user_9_G0.jpg,1578437204G

aug_user_9_G1.jpg,15961279181G

aug_user_9_G2.jpg,1684548165G

aug_user_9_G3.jpg,15535275155G

aug_user_9_G4.jpg,168215268115G

aug_user_9_G5.jpg,116230226120G

aug_user_9_G6.jpg,108231218121G

aug_user_9_G7.jpg,118225228115G

aug_user_9_G8.jpg,213222103112G

aug_user_9_G9.jpg,20622696116G

aug_user_9_H0.jpg,20620031690H

aug_user_9_H1.jpg,20619931689H

aug_user_9_H2.jpg,20736317146H

aug_user_9_H3.jpg,20923319133H

aug_user_9_H4.jpg,209219319109H

aug_user_9_H5.jpg,206586125H

aug_user_9_H6.jpg,1049224129H

aug_user_9_H7.jpg,11619236139H

aug_user_9_H8.jpg,2143294152H

aug_user_9_H9.jpg,11335233155H

aug_user_9_I0.jpg,1151901590I

aug_user_9_I1.jpg,1221922292I

aug_user_9_I2.jpg,107467146I

aug_user_9_I3.jpg,1204120141I

aug_user_9_I4.jpg,1255325153I

aug_user_9_I5.jpg,738193128I

aug_user_9_I6.jpg,65236185116I

aug_user_9_I7.jpg,81222181122I

aug_user_9_I8.jpg,76224176124I

aug_user_9_I9.jpg,23422134122I

aug_user_9_K0.jpg,102231232101K

aug_user_9_K1.jpg,237231107101K

aug_user_9_K2.jpg,2171087140K

aug_user_9_K3.jpg,79230209100K

aug_user_9_K4.jpg,9821521895K

aug_user_9_K5.jpg,3922159142K

aug_user_9_K6.jpg,29121817198K

aug_user_9_K7.jpg,28025160145K

aug_user_9_K8.jpg,29121817198K

aug_user_9_K9.jpg,2021514095K

aug_user_9_L0.jpg,1364926159L

aug_user_9_L1.jpg,17444284154L

aug_user_9_L2.jpg,1364726157L

aug_user_9_L3.jpg,16019327083L

aug_user_9_L4.jpg,15847268157L

aug_user_9_L5.jpg,21923689106L

aug_user_9_L6.jpg,11122424194L

aug_user_9_L7.jpg,2081788137L

aug_user_9_L8.jpg,115223235103L

aug_user_9_L9.jpg,104227224107L

aug_user_9_M0.jpg,13818022890M

aug_user_9_M1.jpg,12918021990M

aug_user_9_M2.jpg,1861769686M

aug_user_9_M3.jpg,12770217160M

aug_user_9_M4.jpg,12566215156M

aug_user_9_M5.jpg,7530195150M

aug_user_9_M6.jpg,6827188147M

aug_user_9_M7.jpg,25926139146M

aug_user_9_M8.jpg,7421119491M

aug_user_9_M9.jpg,71220191100M

aug_user_9_N0.jpg,13817824868N

aug_user_9_N1.jpg,13318024370N

aug_user_9_N2.jpg,14018225072N

aug_user_9_N3.jpg,13557245167N

aug_user_9_N4.jpg,1811807170N

aug_user_9_N5.jpg,23720412794N

aug_user_9_N6.jpg,24433134143N

aug_user_9_N7.jpg,23520412594N

aug_user_9_N8.jpg,66212176102N

aug_user_9_N9.jpg,6130171140N

aug_user_9_O0.jpg,145201235111O

aug_user_9_O1.jpg,1813691126O

aug_user_9_O2.jpg,12936219126O

aug_user_9_O3.jpg,13742227132O

aug_user_9_O4.jpg,12739217129O

aug_user_9_O5.jpg,12745227145O

aug_user_9_O6.jpg,20641106141O

aug_user_9_O7.jpg,12643226143O

aug_user_9_O8.jpg,117201217101O

aug_user_9_O9.jpg,11519921599O

aug_user_9_P0.jpg,20313611346P

aug_user_9_P1.jpg,21913812948P

aug_user_9_P2.jpg,21013512045P

aug_user_9_P3.jpg,9998189188P

aug_user_9_P4.jpg,21612712637P

aug_user_9_P5.jpg,262102162P

aug_user_9_P6.jpg,30462204162P

aug_user_9_P7.jpg,31518121581P

aug_user_9_P8.jpg,31471214171P

aug_user_9_P9.jpg,1018011080P

aug_user_9_Q0.jpg,15910769197Q

aug_user_9_Q1.jpg,18110091190Q

aug_user_9_Q2.jpg,148108238198Q

aug_user_9_Q3.jpg,1741428452Q

aug_user_9_Q4.jpg,1751378547Q

aug_user_9_Q5.jpg,27717317773Q

aug_user_9_Q6.jpg,3017813078Q

aug_user_9_Q7.jpg,3264132164Q

aug_user_9_Q8.jpg,28465184165Q

aug_user_9_Q9.jpg,2465124165Q

aug_user_9_R0.jpg,1701867086R

aug_user_9_R1.jpg,13818723887R

aug_user_9_R2.jpg,15657256157R

aug_user_9_R3.jpg,1821878287R

aug_user_9_R4.jpg,1685768157R

aug_user_9_R5.jpg,23921710987R

aug_user_9_R6.jpg,6926189146R

aug_user_9_R7.jpg,24220812288R

aug_user_9_R8.jpg,25421213492R

aug_user_9_R9.jpg,24320512385R

aug_user_9_S0.jpg,1601508070S

aug_user_9_S1.jpg,15115123171S

aug_user_9_S2.jpg,1531507370S

aug_user_9_S3.jpg,1629682176S

aug_user_9_S4.jpg,16496244176S

aug_user_9_S5.jpg,24766157156S

aug_user_9_S6.jpg,25917816988S

aug_user_9_S7.jpg,24716915779S

aug_user_9_S8.jpg,6167151157S

aug_user_9_S9.jpg,24671156161S

aug_user_9_T0.jpg,1296829168T

aug_user_9_T1.jpg,1335933159T

aug_user_9_T2.jpg,20017730077T

aug_user_9_T3.jpg,18362283162T

aug_user_9_T4.jpg,19065290165T

aug_user_9_T5.jpg,23020012090T

aug_user_9_T6.jpg,8833198143T

aug_user_9_T7.jpg,8919419984T

aug_user_9_T8.jpg,24820113891T

aug_user_9_T9.jpg,23019612086T

aug_user_9_U0.jpg,17418329463U

aug_user_9_U1.jpg,16650286170U

aug_user_9_U2.jpg,17618029660U

aug_user_9_U3.jpg,1671914771U

aug_user_9_U4.jpg,16756287176U

aug_user_9_U5.jpg,29122814178U

aug_user_9_U6.jpg,2827132157U

aug_user_9_U7.jpg,28222813278U

aug_user_9_U8.jpg,26022012080U

aug_user_9_U9.jpg,4922018980U

aug_user_9_V0.jpg,1504420174V

aug_user_9_V1.jpg,1544834168V

aug_user_9_V2.jpg,1624742167V

aug_user_9_V3.jpg,1781895869V

aug_user_9_V4.jpg,1655445174V

aug_user_9_V5.jpg,25221911279V

aug_user_9_V6.jpg,5320193160V

aug_user_9_V7.jpg,2332593165V

aug_user_9_V8.jpg,6421820478V

aug_user_9_V9.jpg,5223192163V

aug_user_9_W0.jpg,2072967169W

aug_user_9_W1.jpg,9921923979W

aug_user_9_W2.jpg,12117261157W

aug_user_9_W3.jpg,10622524685W

aug_user_9_W4.jpg,13623276163W

aug_user_9_W5.jpg,2800150130W

aug_user_9_W6.jpg,301160131W

aug_user_9_W7.jpg,271232141102W

aug_user_9_W8.jpg,29022716097W

aug_user_9_W9.jpg,30228150108W

aug_user_9_X0.jpg,15219726287X

aug_user_9_X1.jpg,1801977087X

aug_user_9_X2.jpg,15519126581X

aug_user_9_X3.jpg,15518425584X

aug_user_9_X4.jpg,15252252152X

aug_user_9_X5.jpg,26415154125X

aug_user_9_X6.jpg,25522145132X

aug_user_9_X7.jpg,26724157134X

aug_user_9_X8.jpg,252212142102X

aug_user_9_X9.jpg,262213152103X

aug_user_9_Y0.jpg,18146291156Y

aug_user_9_Y1.jpg,16441274151Y

aug_user_9_Y2.jpg,1405030160Y

aug_user_9_Y3.jpg,15818826878Y

aug_user_9_Y4.jpg,17418328473Y

aug_user_9_Y5.jpg,78217188107Y

aug_user_9_Y6.jpg,25218142128Y

aug_user_9_Y7.jpg,86212196102Y

aug_user_9_Y8.jpg,25020314093Y

aug_user_9_Y9.jpg,24519914599Y

