aug_user_10_A0.jpg,34,84,134,184,A
aug_user_10_A1.jpg,34,56,134,156,A
aug_user_10_A2.jpg,35,90,135,190,A
aug_user_10_A3.jpg,180,42,290,152,A
aug_user_10_A4.jpg,173,18,293,138,A
aug_user_10_A5.jpg,16,78,126,188,A
aug_user_10_A6.jpg,194,62,304,172,A
aug_user_10_A7.jpg,199,69,299,169,A
aug_user_10_A8.jpg,195,61,305,171,A
aug_user_10_A9.jpg,12,58,132,178,A
aug_user_10_B0.jpg,1,49,131,179,B
aug_user_10_B1.jpg,199,68,319,188,B
aug_user_10_B2.jpg,1,54,121,174,B
aug_user_10_B3.jpg,199,58,319,178,B
aug_user_10_B4.jpg,199,62,319,182,B
aug_user_10_B5.jpg,11,22,161,172,B
aug_user_10_B6.jpg,16,21,156,161,B
aug_user_10_B7.jpg,10,79,150,219,B
aug_user_10_B8.jpg,1,32,151,182,B
aug_user_10_B9.jpg,1,34,161,194,B
aug_user_10_C0.jpg,4,81,124,201,C
aug_user_10_C1.jpg,1,41,111,151,C
aug_user_10_C2.jpg,212,90,312,190,C
aug_user_10_C3.jpg,8,54,108,154,C
aug_user_10_C4.jpg,210,58,310,158,C
aug_user_10_C5.jpg,6,50,106,150,C
aug_user_10_C6.jpg,212,51,312,151,C
aug_user_10_C7.jpg,8,89,108,189,C
aug_user_10_C8.jpg,12,91,112,191,C
aug_user_10_C9.jpg,12,91,112,191,C
aug_user_10_D0.jpg,194,71,304,181,D
aug_user_10_D1.jpg,11,71,121,181,D
aug_user_10_D2.jpg,10,63,120,173,D
aug_user_10_D3.jpg,10,63,120,173,D
aug_user_10_D4.jpg,199,62,309,172,D
aug_user_10_D5.jpg,1,44,161,204,D
aug_user_10_D6.jpg,1,43,151,193,D
aug_user_10_D7.jpg,3,60,133,190,D
aug_user_10_D8.jpg,187,50,317,180,D
aug_user_10_D9.jpg,2,65,152,215,D
aug_user_10_E0.jpg,19,94,109,184,E
aug_user_10_E1.jpg,210,57,300,147,E
aug_user_10_E2.jpg,20,57,110,147,E
aug_user_10_E3.jpg,20,57,110,147,E
aug_user_10_E4.jpg,210,57,300,147,E
aug_user_10_E5.jpg,187,40,297,150,E
aug_user_10_E6.jpg,15,36,125,146,E
aug_user_10_E7.jpg,17,95,117,195,E
aug_user_10_E8.jpg,199,45,299,145,E
aug_user_10_E9.jpg,16,47,116,147,E
aug_user_10_F0.jpg,182,32,302,152,F
aug_user_10_F1.jpg,181,87,301,207,F
aug_user_10_F2.jpg,12,85,132,205,F
aug_user_10_F3.jpg,189,40,309,160,F
aug_user_10_F4.jpg,183,77,303,197,F
aug_user_10_F5.jpg,40,92,160,212,F
aug_user_10_F6.jpg,28,23,148,143,F
aug_user_10_F7.jpg,34,86,154,206,F
aug_user_10_F8.jpg,174,34,294,154,F
aug_user_10_F9.jpg,14,84,134,204,F
aug_user_10_G0.jpg,191,46,301,156,G
aug_user_10_G1.jpg,196,80,306,190,G
aug_user_10_G2.jpg,21,75,131,185,G
aug_user_10_G3.jpg,5,75,115,185,G
aug_user_10_G4.jpg,204,72,314,182,G
aug_user_10_G5.jpg,189,65,289,165,G
aug_user_10_G6.jpg,202,68,302,168,G
aug_user_10_G7.jpg,25,58,125,158,G
aug_user_10_G8.jpg,17,83,117,183,G
aug_user_10_G9.jpg,193,54,293,154,G
aug_user_10_H0.jpg,49,35,169,155,H
aug_user_10_H1.jpg,40,38,160,158,H
aug_user_10_H2.jpg,170,40,290,160,H
aug_user_10_H3.jpg,31,47,141,157,H
aug_user_10_H4.jpg,28,79,138,189,H
aug_user_10_H5.jpg,183,71,293,181,H
aug_user_10_H6.jpg,38,70,148,180,H
aug_user_10_H7.jpg,180,55,290,165,H
aug_user_10_H8.jpg,160,55,270,165,H
aug_user_10_H9.jpg,171,76,281,186,H
aug_user_10_I0.jpg,192,44,302,154,I
aug_user_10_I1.jpg,12,89,122,199,I
aug_user_10_I2.jpg,199,56,309,166,I
aug_user_10_I3.jpg,12,50,122,160,I
aug_user_10_I4.jpg,9,63,119,173,I
aug_user_10_I5.jpg,196,48,306,158,I
aug_user_10_I6.jpg,187,82,297,192,I
aug_user_10_I7.jpg,11,69,121,179,I
aug_user_10_I8.jpg,204,75,304,175,I
aug_user_10_I9.jpg,206,68,306,168,I
aug_user_10_K0.jpg,110,13,270,173,K
aug_user_10_K1.jpg,109,77,269,237,K
aug_user_10_K2.jpg,38,0,188,150,K
aug_user_10_K3.jpg,152,0,282,130,K
aug_user_10_K4.jpg,149,107,279,237,K
aug_user_10_K5.jpg,46,46,206,206,K
aug_user_10_K6.jpg,99,57,259,217,K
aug_user_10_K7.jpg,135,59,295,219,K
aug_user_10_K8.jpg,123,74,283,234,K
aug_user_10_K9.jpg,126,79,286,239,K
aug_user_10_L0.jpg,177,37,307,167,L
aug_user_10_L1.jpg,1,42,131,172,L
aug_user_10_L2.jpg,12,70,142,200,L
aug_user_10_L3.jpg,7,67,137,197,L
aug_user_10_L4.jpg,164,43,294,173,L
aug_user_10_L5.jpg,13,80,143,210,L
aug_user_10_L6.jpg,172,29,302,159,L
aug_user_10_L7.jpg,4,26,134,156,L
aug_user_10_L8.jpg,11,74,141,204,L
aug_user_10_L9.jpg,175,75,305,205,L
aug_user_10_M0.jpg,194,71,284,161,M
aug_user_10_M1.jpg,194,74,284,164,M
aug_user_10_M2.jpg,193,74,283,164,M
aug_user_10_M3.jpg,37,82,127,172,M
aug_user_10_M4.jpg,190,84,280,174,M
aug_user_10_M5.jpg,41,61,141,161,M
aug_user_10_M6.jpg,171,80,271,180,M
aug_user_10_M7.jpg,41,60,141,160,M
aug_user_10_M8.jpg,170,58,270,158,M
aug_user_10_M9.jpg,181,79,281,179,M
aug_user_10_N0.jpg,179,68,279,168,N
aug_user_10_N1.jpg,42,67,142,167,N
aug_user_10_N2.jpg,40,73,140,173,N
aug_user_10_N3.jpg,49,64,149,164,N
aug_user_10_N4.jpg,182,69,282,169,N
aug_user_10_N5.jpg,183,58,283,158,N
aug_user_10_N6.jpg,179,82,279,182,N
aug_user_10_N7.jpg,30,62,130,162,N
aug_user_10_N8.jpg,36,71,136,171,N
aug_user_10_N9.jpg,192,66,292,166,N
aug_user_10_O0.jpg,171,83,291,203,O
aug_user_10_O1.jpg,166,85,286,205,O
aug_user_10_O2.jpg,175,86,295,206,O
aug_user_10_O3.jpg,35,87,155,207,O
aug_user_10_O4.jpg,23,38,143,158,O
aug_user_10_O5.jpg,41,95,151,205,O
aug_user_10_O6.jpg,157,41,267,151,O
aug_user_10_O7.jpg,177,43,287,153,O
aug_user_10_O8.jpg,43,88,143,188,O
aug_user_10_O9.jpg,48,90,148,190,O
aug_user_10_P0.jpg,72,66,202,196,P
aug_user_10_P1.jpg,111,46,241,176,P
aug_user_10_P2.jpg,70,66,200,196,P
aug_user_10_P3.jpg,104,62,234,192,P
aug_user_10_P4.jpg,111,46,241,176,P
aug_user_10_P5.jpg,117,65,237,185,P
aug_user_10_P6.jpg,78,53,198,173,P
aug_user_10_P7.jpg,107,59,227,179,P
aug_user_10_P8.jpg,121,50,241,170,P
aug_user_10_P9.jpg,88,70,208,190,P
aug_user_10_Q0.jpg,109,7,209,107,Q
aug_user_10_Q1.jpg,116,129,216,229,Q
aug_user_10_Q2.jpg,107,131,207,231,Q
aug_user_10_Q3.jpg,101,13,201,113,Q
aug_user_10_Q4.jpg,98,131,198,231,Q
aug_user_10_Q5.jpg,133,1,233,101,Q
aug_user_10_Q6.jpg,115,126,215,226,Q
aug_user_10_Q7.jpg,89,121,189,221,Q
aug_user_10_Q8.jpg,120,116,220,216,Q
aug_user_10_Q9.jpg,94,26,194,126,Q
aug_user_10_R0.jpg,150,31,280,161,R
aug_user_10_R1.jpg,50,32,180,162,R
aug_user_10_R2.jpg,153,32,283,162,R
aug_user_10_R3.jpg,147,27,277,157,R
aug_user_10_R4.jpg,148,34,278,164,R
aug_user_10_R5.jpg,155,74,285,204,R
aug_user_10_R6.jpg,43,80,173,210,R
aug_user_10_R7.jpg,165,72,295,202,R
aug_user_10_R8.jpg,167,73,297,203,R
aug_user_10_R9.jpg,153,68,283,198,R
aug_user_10_S0.jpg,129,61,249,181,S
aug_user_10_S1.jpg,120,64,240,184,S
aug_user_10_S2.jpg,65,55,155,145,S
aug_user_10_S3.jpg,148,56,238,146,S
aug_user_10_S4.jpg,161,90,251,180,S
aug_user_10_S5.jpg,196,61,286,151,S
aug_user_10_S6.jpg,183,57,273,147,S
aug_user_10_S7.jpg,189,88,279,178,S
aug_user_10_S8.jpg,53,83,143,173,S
aug_user_10_S9.jpg,189,60,279,150,S
aug_user_10_T0.jpg,49,70,159,180,T
aug_user_10_T1.jpg,62,62,172,172,T
aug_user_10_T2.jpg,162,65,272,175,T
aug_user_10_T3.jpg,62,63,172,173,T
aug_user_10_T4.jpg,55,71,165,181,T
aug_user_10_T5.jpg,34,74,134,174,T
aug_user_10_T6.jpg,43,73,143,173,T
aug_user_10_T7.jpg,28,69,128,169,T
aug_user_10_T8.jpg,181,64,281,164,T
aug_user_10_T9.jpg,43,77,143,177,T
aug_user_10_U0.jpg,21,39,151,169,U
aug_user_10_U1.jpg,176,70,306,200,U
aug_user_10_U2.jpg,25,42,155,172,U
aug_user_10_U3.jpg,14,43,144,173,U
aug_user_10_U4.jpg,25,72,155,202,U
aug_user_10_U5.jpg,43,79,173,209,U
aug_user_10_U6.jpg,147,23,277,153,U
aug_user_10_U7.jpg,29,75,159,205,U
aug_user_10_U8.jpg,45,29,175,159,U
aug_user_10_U9.jpg,34,37,164,167,U
aug_user_10_V0.jpg,28,73,168,213,V
aug_user_10_V1.jpg,39,25,179,165,V
aug_user_10_V2.jpg,155,30,295,170,V
aug_user_10_V3.jpg,27,70,157,200,V
aug_user_10_V4.jpg,160,62,290,192,V
aug_user_10_V5.jpg,150,66,290,206,V
aug_user_10_V6.jpg,139,63,279,203,V
aug_user_10_V7.jpg,25,59,165,199,V
aug_user_10_V8.jpg,32,63,172,203,V
aug_user_10_V9.jpg,163,51,303,191,V
aug_user_10_W0.jpg,131,46,291,206,W
aug_user_10_W1.jpg,42,46,202,206,W
aug_user_10_W2.jpg,135,37,295,197,W
aug_user_10_W3.jpg,143,50,283,190,W
aug_user_10_W4.jpg,34,44,174,184,W
aug_user_10_W5.jpg,130,34,270,174,W
aug_user_10_W6.jpg,61,67,201,207,W
aug_user_10_W7.jpg,141,64,271,194,W
aug_user_10_W8.jpg,56,47,186,177,W
aug_user_10_W9.jpg,143,62,263,182,W
aug_user_10_X0.jpg,159,62,269,172,X
aug_user_10_X1.jpg,62,69,172,179,X
aug_user_10_X2.jpg,170,66,280,176,X
aug_user_10_X3.jpg,54,66,164,176,X
aug_user_10_X4.jpg,43,60,153,170,X
aug_user_10_X5.jpg,49,40,169,160,X
aug_user_10_X6.jpg,147,87,257,197,X
aug_user_10_X7.jpg,51,40,161,150,X
aug_user_10_X8.jpg,64,46,174,156,X
aug_user_10_X9.jpg,164,80,274,190,X
aug_user_10_Y0.jpg,13,57,133,177,Y
aug_user_10_Y1.jpg,175,54,295,174,Y
aug_user_10_Y2.jpg,188,61,308,181,Y
aug_user_10_Y3.jpg,30,65,150,185,Y
aug_user_10_Y4.jpg,186,64,306,184,Y
aug_user_10_Y5.jpg,25,85,145,205,Y
aug_user_10_Y6.jpg,166,84,286,204,Y
aug_user_10_Y7.jpg,186,35,306,155,Y
aug_user_10_Y8.jpg,20,77,140,197,Y
aug_user_10_Y9.jpg,27,59,137,169,Y
aug_user_3_A0.jpg,106,132,196,222,A
aug_user_3_A1.jpg,106,18,196,108,A
aug_user_3_A2.jpg,123,19,213,109,A
aug_user_3_A3.jpg,122,129,212,219,A
aug_user_3_A4.jpg,122,20,212,110,A
aug_user_3_A5.jpg,96,35,176,115,A
aug_user_3_A6.jpg,93,121,173,201,A
aug_user_3_A7.jpg,150,114,230,194,A
aug_user_3_A8.jpg,89,106,169,186,A
aug_user_3_A9.jpg,90,56,170,136,A
aug_user_3_B0.jpg,139,12,289,162,B
aug_user_3_B1.jpg,31,78,181,228,B
aug_user_3_B2.jpg,41,22,171,152,B
aug_user_3_B3.jpg,147,23,277,153,B
aug_user_3_B4.jpg,145,83,275,213,B
aug_user_3_B5.jpg,3,27,193,217,B
aug_user_3_B6.jpg,0,60,180,240,B
aug_user_3_B7.jpg,38,0,218,180,B
aug_user_3_B8.jpg,97,21,277,201,B
aug_user_3_B9.jpg,66,120,186,240,B
aug_user_3_C0.jpg,167,140,267,240,C
aug_user_3_C1.jpg,175,140,275,240,C
aug_user_3_C2.jpg,178,140,278,240,C
aug_user_3_C3.jpg,53,140,153,240,C
aug_user_3_C4.jpg,53,140,153,240,C
aug_user_3_C5.jpg,122,104,252,234,C
aug_user_3_C6.jpg,68,104,198,234,C
aug_user_3_C7.jpg,71,12,191,132,C
aug_user_3_C8.jpg,135,18,245,128,C
aug_user_3_C9.jpg,70,109,180,219,C
aug_user_3_D0.jpg,39,0,189,150,D
aug_user_3_D1.jpg,123,90,273,240,D
aug_user_3_D2.jpg,132,0,272,140,D
aug_user_3_D3.jpg,48,0,188,140,D
aug_user_3_D4.jpg,132,100,272,240,D
aug_user_3_D5.jpg,126,77,286,237,D
aug_user_3_D6.jpg,41,2,191,152,D
aug_user_3_D7.jpg,35,90,185,240,D
aug_user_3_D8.jpg,34,92,174,232,D
aug_user_3_D9.jpg,39,97,169,227,D
aug_user_3_E0.jpg,84,131,174,221,E
aug_user_3_E1.jpg,151,16,241,106,E
aug_user_3_E2.jpg,88,131,178,221,E
aug_user_3_E3.jpg,87,133,177,223,E
aug_user_3_E4.jpg,152,135,242,225,E
aug_user_3_E5.jpg,65,124,175,234,E
aug_user_3_E6.jpg,76,8,176,108,E
aug_user_3_E7.jpg,145,131,245,231,E
aug_user_3_E8.jpg,140,20,230,110,E
aug_user_3_E9.jpg,145,31,225,111,E
aug_user_3_F0.jpg,51,17,171,137,F
aug_user_3_F1.jpg,57,16,177,136,F
aug_user_3_F2.jpg,51,13,171,133,F
aug_user_3_F3.jpg,53,100,173,220,F
aug_user_3_F4.jpg,59,19,179,139,F
aug_user_3_F5.jpg,83,99,203,219,F
aug_user_3_F6.jpg,105,21,225,141,F
aug_user_3_F7.jpg,85,28,205,148,F
aug_user_3_F8.jpg,113,19,233,139,F
aug_user_3_F9.jpg,77,104,197,224,F
aug_user_3_G0.jpg,48,84,158,194,G
aug_user_3_G1.jpg,58,45,168,155,G
aug_user_3_G2.jpg,161,48,271,158,G
aug_user_3_G3.jpg,158,52,268,162,G
aug_user_3_G4.jpg,55,53,165,163,G
aug_user_3_G5.jpg,118,53,218,153,G
aug_user_3_G6.jpg,112,52,212,152,G
aug_user_3_G7.jpg,119,54,219,154,G
aug_user_3_G8.jpg,108,53,208,153,G
aug_user_3_G9.jpg,113,49,213,149,G
aug_user_3_H0.jpg,147,28,267,148,H
aug_user_3_H1.jpg,145,29,265,149,H
aug_user_3_H2.jpg,64,32,184,152,H
aug_user_3_H3.jpg,135,92,255,212,H
aug_user_3_H4.jpg,66,93,186,213,H
aug_user_3_H5.jpg,126,67,226,167,H
aug_user_3_H6.jpg,137,62,237,162,H
aug_user_3_H7.jpg,84,64,194,174,H
aug_user_3_H8.jpg,133,70,243,180,H
aug_user_3_H9.jpg,71,66,181,176,H
aug_user_3_I0.jpg,153,87,283,217,I
aug_user_3_I1.jpg,41,24,171,154,I
aug_user_3_I2.jpg,41,77,171,207,I
aug_user_3_I3.jpg,60,69,170,179,I
aug_user_3_I4.jpg,65,57,175,167,I
aug_user_3_I5.jpg,106,26,206,126,I
aug_user_3_I6.jpg,95,115,195,215,I
aug_user_3_I7.jpg,106,32,206,132,I
aug_user_3_I8.jpg,128,32,228,132,I
aug_user_3_I9.jpg,123,98,223,198,I
aug_user_3_K0.jpg,95,103,225,233,K
aug_user_3_K1.jpg,80,5,210,135,K
aug_user_3_K2.jpg,101,103,231,233,K
aug_user_3_K3.jpg,99,0,229,130,K
aug_user_3_K4.jpg,88,104,218,234,K
aug_user_3_K5.jpg,150,112,260,222,K
aug_user_3_K6.jpg,159,112,269,222,K
aug_user_3_K7.jpg,63,106,173,216,K
aug_user_3_K8.jpg,53,108,163,218,K
aug_user_3_K9.jpg,147,103,257,213,K
aug_user_3_L0.jpg,80,117,190,227,L
aug_user_3_L1.jpg,66,117,176,227,L
aug_user_3_L2.jpg,88,20,198,130,L
aug_user_3_L3.jpg,138,23,248,133,L
aug_user_3_L4.jpg,91,19,201,129,L
aug_user_3_L5.jpg,80,31,210,161,L
aug_user_3_L6.jpg,132,80,262,210,L
aug_user_3_L7.jpg,112,35,242,165,L
aug_user_3_L8.jpg,124,72,254,202,L
aug_user_3_L9.jpg,74,65,204,195,L
aug_user_3_M0.jpg,87,117,177,207,M
aug_user_3_M1.jpg,93,31,183,121,M
aug_user_3_M2.jpg,145,28,235,118,M
aug_user_3_M3.jpg,133,130,223,220,M
aug_user_3_M4.jpg,86,125,176,215,M
aug_user_3_M5.jpg,123,115,213,205,M
aug_user_3_M6.jpg,129,116,219,206,M
aug_user_3_M7.jpg,114,116,204,206,M
aug_user_3_M8.jpg,108,36,198,126,M
aug_user_3_M9.jpg,99,71,229,201,M
aug_user_3_N0.jpg,81,130,181,230,N
aug_user_3_N1.jpg,81,11,181,111,N
aug_user_3_N2.jpg,145,127,245,227,N
aug_user_3_N3.jpg,132,125,232,225,N
aug_user_3_N4.jpg,76,119,176,219,N
aug_user_3_N5.jpg,131,127,221,217,N
aug_user_3_N6.jpg,137,130,227,220,N
aug_user_3_N7.jpg,129,32,219,122,N
aug_user_3_N8.jpg,92,117,182,207,N
aug_user_3_N9.jpg,131,36,221,126,N
aug_user_3_O0.jpg,82,13,172,103,O
aug_user_3_O1.jpg,88,142,178,232,O
aug_user_3_O2.jpg,72,140,162,230,O
aug_user_3_O3.jpg,84,145,174,235,O
aug_user_3_O4.jpg,74,11,164,101,O
aug_user_3_O5.jpg,80,89,200,209,O
aug_user_3_O6.jpg,124,29,244,149,O
aug_user_3_O7.jpg,107,29,227,149,O
aug_user_3_O8.jpg,99,25,219,145,O
aug_user_3_O9.jpg,84,86,204,206,O
aug_user_3_P0.jpg,125,109,235,219,P
aug_user_3_P1.jpg,138,15,248,125,P
aug_user_3_P2.jpg,86,21,196,131,P
aug_user_3_P3.jpg,138,15,248,125,P
aug_user_3_P4.jpg,71,121,181,231,P
aug_user_3_P5.jpg,50,63,150,163,P
aug_user_3_P6.jpg,41,85,141,185,P
aug_user_3_P7.jpg,172,71,272,171,P
aug_user_3_P8.jpg,57,70,157,170,P
aug_user_3_P9.jpg,169,67,269,167,P
aug_user_3_Q0.jpg,88,112,188,212,Q
aug_user_3_Q1.jpg,81,112,181,212,Q
aug_user_3_Q2.jpg,125,32,225,132,Q
aug_user_3_Q3.jpg,138,28,238,128,Q
aug_user_3_Q4.jpg,86,18,186,118,Q
aug_user_3_Q5.jpg,65,111,145,191,Q
aug_user_3_Q6.jpg,55,116,135,196,Q
aug_user_3_Q7.jpg,69,53,149,133,Q
aug_user_3_Q8.jpg,192,105,272,185,Q
aug_user_3_Q9.jpg,57,102,137,182,Q
aug_user_3_R0.jpg,44,11,184,151,R
aug_user_3_R1.jpg,61,93,201,233,R
aug_user_3_R2.jpg,147,79,287,219,R
aug_user_3_R3.jpg,44,87,184,227,R
aug_user_3_R4.jpg,48,78,188,218,R
aug_user_3_R5.jpg,116,31,226,141,R
aug_user_3_R6.jpg,98,101,208,211,R
aug_user_3_R7.jpg,106,90,216,200,R
aug_user_3_R8.jpg,101,100,201,200,R
aug_user_3_R9.jpg,117,103,217,203,R
aug_user_3_S0.jpg,160,30,260,130,S
aug_user_3_S1.jpg,149,28,249,128,S
aug_user_3_S2.jpg,170,112,260,202,S
aug_user_3_S3.jpg,155,114,245,204,S
aug_user_3_S4.jpg,167,41,257,131,S
aug_user_3_S5.jpg,121,84,211,174,S
aug_user_3_S6.jpg,100,92,190,182,S
aug_user_3_S7.jpg,110,58,200,148,S
aug_user_3_S8.jpg,91,93,181,183,S
aug_user_3_S9.jpg,98,94,188,184,S
aug_user_3_T0.jpg,66,121,156,211,T
aug_user_3_T1.jpg,79,31,169,121,T
aug_user_3_T2.jpg,66,29,166,129,T
aug_user_3_T3.jpg,151,112,251,212,T
aug_user_3_T4.jpg,77,37,177,137,T
aug_user_3_T5.jpg,102,54,212,164,T
aug_user_3_T6.jpg,101,71,211,181,T
aug_user_3_T7.jpg,125,84,235,194,T
aug_user_3_T8.jpg,105,77,215,187,T
aug_user_3_T9.jpg,106,89,216,199,T
aug_user_3_U0.jpg,74,103,204,233,U
aug_user_3_U1.jpg,122,10,252,140,U
aug_user_3_U2.jpg,80,94,210,224,U
aug_user_3_U3.jpg,131,14,261,144,U
aug_user_3_U4.jpg,76,93,206,223,U
aug_user_3_U5.jpg,116,26,236,146,U
aug_user_3_U6.jpg,121,24,241,144,U
aug_user_3_U7.jpg,107,29,227,149,U
aug_user_3_U8.jpg,84,91,204,211,U
aug_user_3_U9.jpg,93,33,213,153,U
aug_user_3_V0.jpg,137,17,257,137,V
aug_user_3_V1.jpg,131,101,251,221,V
aug_user_3_V2.jpg,143,98,263,218,V
aug_user_3_V3.jpg,121,26,241,146,V
aug_user_3_V4.jpg,138,28,258,148,V
aug_user_3_V5.jpg,108,85,238,215,V
aug_user_3_V6.jpg,122,92,252,222,V
aug_user_3_V7.jpg,87,23,217,153,V
aug_user_3_V8.jpg,73,87,193,207,V
aug_user_3_V9.jpg,79,37,199,157,V
aug_user_3_W0.jpg,124,9,254,139,W
aug_user_3_W1.jpg,79,6,209,136,W
aug_user_3_W2.jpg,51,99,181,229,W
aug_user_3_W3.jpg,107,104,237,234,W
aug_user_3_W4.jpg,64,2,194,132,W
aug_user_3_W5.jpg,117,26,247,156,W
aug_user_3_W6.jpg,137,96,267,226,W
aug_user_3_W7.jpg,128,34,248,154,W
aug_user_3_W8.jpg,62,43,182,163,W
aug_user_3_W9.jpg,137,49,247,159,W
aug_user_3_X0.jpg,145,5,235,95,X
aug_user_3_X1.jpg,156,142,246,232,X
aug_user_3_X2.jpg,118,2,208,92,X
aug_user_3_X3.jpg,91,7,181,97,X
aug_user_3_X4.jpg,100,146,190,236,X
aug_user_3_X5.jpg,113,31,223,141,X
aug_user_3_X6.jpg,146,22,256,132,X
aug_user_3_X7.jpg,110,102,220,212,X
aug_user_3_X8.jpg,79,91,189,201,X
aug_user_3_X9.jpg,114,45,224,155,X
aug_user_3_Y0.jpg,142,11,262,131,Y
aug_user_3_Y1.jpg,68,8,188,128,Y
aug_user_3_Y2.jpg,144,6,264,126,Y
aug_user_3_Y3.jpg,76,116,196,236,Y
aug_user_3_Y4.jpg,138,110,258,230,Y
aug_user_3_Y5.jpg,107,51,217,161,Y
aug_user_3_Y6.jpg,130,81,240,191,Y
aug_user_3_Y7.jpg,92,78,202,188,Y
aug_user_3_Y8.jpg,81,58,191,168,Y
aug_user_3_Y9.jpg,126,66,236,176,Y
aug_user_4_A0.jpg,83,77,153,147,A
aug_user_4_A1.jpg,83,77,153,147,A
aug_user_4_A2.jpg,167,93,237,163,A
aug_user_4_A3.jpg,82,86,152,156,A
aug_user_4_A4.jpg,84,82,154,152,A
aug_user_4_A5.jpg,94,103,194,203,A
aug_user_4_A6.jpg,89,36,189,136,A
aug_user_4_A7.jpg,98,107,188,197,A
aug_user_4_A8.jpg,131,41,221,131,A
aug_user_4_A9.jpg,131,109,221,199,A
aug_user_4_B0.jpg,131,52,271,192,B
aug_user_4_B1.jpg,59,53,179,173,B
aug_user_4_B2.jpg,144,59,254,169,B
aug_user_4_B3.jpg,58,68,178,188,B
aug_user_4_B4.jpg,142,58,272,188,B
aug_user_4_B5.jpg,71,21,241,191,B
aug_user_4_B6.jpg,78,21,238,181,B
aug_user_4_B7.jpg,63,6,243,186,B
aug_user_4_B8.jpg,74,16,264,206,B
aug_user_4_B9.jpg,52,12,252,212,B
aug_user_4_C0.jpg,60,56,170,166,C
aug_user_4_C1.jpg,158,80,258,180,C
aug_user_4_C2.jpg,162,64,262,164,C
aug_user_4_C3.jpg,60,74,150,164,C
aug_user_4_C4.jpg,169,73,259,163,C
aug_user_4_C5.jpg,76,112,196,232,C
aug_user_4_C6.jpg,123,11,243,131,C
aug_user_4_C7.jpg,75,109,195,229,C
aug_user_4_C8.jpg,75,11,195,131,C
aug_user_4_C9.jpg,82,98,222,238,C
aug_user_4_D0.jpg,120,63,260,203,D
aug_user_4_D1.jpg,58,44,198,184,D
aug_user_4_D2.jpg,57,58,187,188,D
aug_user_4_D3.jpg,133,52,263,182,D
aug_user_4_D4.jpg,57,52,187,182,D
aug_user_4_D5.jpg,70,4,240,174,D
aug_user_4_D6.jpg,88,7,248,167,D
aug_user_4_D7.jpg,71,72,231,232,D
aug_user_4_D8.jpg,97,76,247,226,D
aug_user_4_D9.jpg,46,4,236,194,D
aug_user_4_E0.jpg,140,69,240,169,E
aug_user_4_E1.jpg,85,66,185,166,E
aug_user_4_E2.jpg,141,79,241,179,E
aug_user_4_E3.jpg,147,66,237,156,E
aug_user_4_E4.jpg,144,83,234,173,E
aug_user_4_E5.jpg,100,32,230,162,E
aug_user_4_E6.jpg,105,82,235,212,E
aug_user_4_E7.jpg,107,25,237,155,E
aug_user_4_E8.jpg,119,28,239,148,E
aug_user_4_E9.jpg,122,33,232,143,E
aug_user_4_F0.jpg,127,34,257,164,F
aug_user_4_F1.jpg,136,35,266,165,F
aug_user_4_F2.jpg,129,32,259,162,F
aug_user_4_F3.jpg,138,36,268,166,F
aug_user_4_F4.jpg,150,69,280,199,F
aug_user_4_F5.jpg,139,85,289,235,F
aug_user_4_F6.jpg,36,81,186,231,F
aug_user_4_F7.jpg,28,86,178,236,F
aug_user_4_F8.jpg,21,82,171,232,F
aug_user_4_F9.jpg,34,87,184,237,F
aug_user_4_G0.jpg,22,46,152,176,G
aug_user_4_G1.jpg,10,62,140,192,G
aug_user_4_G2.jpg,187,60,317,190,G
aug_user_4_G3.jpg,199,50,319,170,G
aug_user_4_G4.jpg,174,56,314,196,G
aug_user_4_G5.jpg,35,49,195,209,G
aug_user_4_G6.jpg,24,54,184,214,G
aug_user_4_G7.jpg,29,23,189,183,G
aug_user_4_G8.jpg,142,25,302,185,G
aug_user_4_G9.jpg,25,46,185,206,G
aug_user_4_H0.jpg,28,21,168,161,H
aug_user_4_H1.jpg,169,21,309,161,H
aug_user_4_H2.jpg,179,16,319,156,H
aug_user_4_H3.jpg,179,84,319,224,H
aug_user_4_H4.jpg,177,90,317,230,H
aug_user_4_H5.jpg,132,28,302,198,H
aug_user_4_H6.jpg,21,42,191,212,H
aug_user_4_H7.jpg,137,22,307,192,H
aug_user_4_H8.jpg,129,21,299,191,H
aug_user_4_H9.jpg,13,45,183,215,H
aug_user_4_I0.jpg,93,85,203,195,I
aug_user_4_I1.jpg,122,86,232,196,I
aug_user_4_I2.jpg,103,85,213,195,I
aug_user_4_I3.jpg,121,87,231,197,I
aug_user_4_I4.jpg,86,38,196,148,I
aug_user_4_I5.jpg,61,59,221,219,I
aug_user_4_I6.jpg,67,20,227,180,I
aug_user_4_I7.jpg,111,21,271,181,I
aug_user_4_I8.jpg,60,11,220,171,I
aug_user_4_I9.jpg,108,56,268,216,I
aug_user_4_K0.jpg,136,22,286,172,K
aug_user_4_K1.jpg,148,24,298,174,K
aug_user_4_K2.jpg,140,71,290,221,K
aug_user_4_K3.jpg,160,24,310,174,K
aug_user_4_K4.jpg,166,30,316,180,K
aug_user_4_K5.jpg,111,13,311,213,K
aug_user_4_K6.jpg,23,14,223,214,K
aug_user_4_K7.jpg,16,27,216,227,K
aug_user_4_K8.jpg,119,30,319,230,K
aug_user_4_K9.jpg,1,40,201,240,K
aug_user_4_L0.jpg,30,68,200,238,L
aug_user_4_L1.jpg,19,8,189,178,L
aug_user_4_L2.jpg,38,3,208,173,L
aug_user_4_L3.jpg,28,5,198,175,L
aug_user_4_L4.jpg,109,4,279,174,L
aug_user_4_L5.jpg,18,23,218,223,L
aug_user_4_L6.jpg,103,6,303,206,L
aug_user_4_L7.jpg,23,3,223,203,L
aug_user_4_L8.jpg,107,7,297,197,L
aug_user_4_L9.jpg,27,1,217,191,L
aug_user_4_M0.jpg,66,58,196,188,M
aug_user_4_M1.jpg,119,68,249,198,M
aug_user_4_M2.jpg,127,69,257,199,M
aug_user_4_M3.jpg,114,72,244,202,M
aug_user_4_M4.jpg,68,75,198,205,M
aug_user_4_M5.jpg,64,53,194,183,M
aug_user_4_M6.jpg,72,51,202,181,M
aug_user_4_M7.jpg,132,46,262,176,M
aug_user_4_M8.jpg,69,69,199,199,M
aug_user_4_M9.jpg,134,48,264,178,M
aug_user_4_N0.jpg,111,52,231,172,N
aug_user_4_N1.jpg,119,54,239,174,N
aug_user_4_N2.jpg,103,60,223,180,N
aug_user_4_N3.jpg,82,61,202,181,N
aug_user_4_N4.jpg,104,62,224,182,N
aug_user_4_N5.jpg,95,49,215,169,N
aug_user_4_N6.jpg,97,50,217,170,N
aug_user_4_N7.jpg,111,64,231,184,N
aug_user_4_N8.jpg,96,79,216,199,N
aug_user_4_N9.jpg,94,44,214,164,N
aug_user_4_O0.jpg,91,9,211,129,O
aug_user_4_O1.jpg,98,115,218,235,O
aug_user_4_O2.jpg,109,112,229,232,O
aug_user_4_O3.jpg,113,112,233,232,O
aug_user_4_O4.jpg,97,113,217,233,O
aug_user_4_O5.jpg,31,117,151,237,O
aug_user_4_O6.jpg,42,0,162,120,O
aug_user_4_O7.jpg,27,120,147,240,O
aug_user_4_O8.jpg,39,120,159,240,O
aug_user_4_O9.jpg,40,0,160,120,O
aug_user_4_P0.jpg,138,37,248,147,P
aug_user_4_P1.jpg,71,83,181,193,P
aug_user_4_P2.jpg,142,102,252,212,P
aug_user_4_P3.jpg,131,31,241,141,P
aug_user_4_P4.jpg,145,37,255,147,P
aug_user_4_P5.jpg,10,46,150,186,P
aug_user_4_P6.jpg,161,50,301,190,P
aug_user_4_P7.jpg,165,46,305,186,P
aug_user_4_P8.jpg,168,53,308,193,P
aug_user_4_P9.jpg,15,39,155,179,P
aug_user_4_Q0.jpg,118,56,238,176,Q
aug_user_4_Q1.jpg,70,44,190,164,Q
aug_user_4_Q2.jpg,126,55,246,175,Q
aug_user_4_Q3.jpg,69,46,189,166,Q
aug_user_4_Q4.jpg,117,49,237,169,Q
aug_user_4_Q5.jpg,77,26,257,206,Q
aug_user_4_Q6.jpg,56,26,236,206,Q
aug_user_4_Q7.jpg,69,33,249,213,Q
aug_user_4_Q8.jpg,77,21,257,201,Q
aug_user_4_Q9.jpg,76,28,256,208,Q
aug_user_4_R0.jpg,83,16,213,146,R
aug_user_4_R1.jpg,106,94,236,224,R
aug_user_4_R2.jpg,121,97,251,227,R
aug_user_4_R3.jpg,95,94,225,224,R
aug_user_4_R4.jpg,75,18,205,148,R
aug_user_4_R5.jpg,45,40,225,220,R
aug_user_4_R6.jpg,93,33,283,223,R
aug_user_4_R7.jpg,82,22,272,212,R
aug_user_4_R8.jpg,29,22,219,212,R
aug_user_4_R9.jpg,51,33,241,223,R
aug_user_4_S0.jpg,114,107,204,197,S
aug_user_4_S1.jpg,121,39,211,129,S
aug_user_4_S2.jpg,123,44,213,134,S
aug_user_4_S3.jpg,122,41,212,131,S
aug_user_4_S4.jpg,122,104,212,194,S
aug_user_4_S5.jpg,83,50,213,180,S
aug_user_4_S6.jpg,92,56,222,186,S
aug_user_4_S7.jpg,73,56,203,186,S
aug_user_4_S8.jpg,99,60,229,190,S
aug_user_4_S9.jpg,111,57,241,187,S
aug_user_4_T0.jpg,126,36,246,156,T
aug_user_4_T1.jpg,118,34,238,154,T
aug_user_4_T2.jpg,129,32,239,142,T
aug_user_4_T3.jpg,92,29,202,139,T
aug_user_4_T4.jpg,98,105,198,205,T
aug_user_4_T5.jpg,143,42,293,192,T
aug_user_4_T6.jpg,127,53,277,203,T
aug_user_4_T7.jpg,142,40,292,190,T
aug_user_4_T8.jpg,41,57,191,207,T
aug_user_4_T9.jpg,139,53,289,203,T
aug_user_4_U0.jpg,124,36,244,156,U
aug_user_4_U1.jpg,114,31,234,151,U
aug_user_4_U2.jpg,123,32,243,152,U
aug_user_4_U3.jpg,78,82,208,212,U
aug_user_4_U4.jpg,105,30,235,160,U
aug_user_4_U5.jpg,71,7,261,197,U
aug_user_4_U6.jpg,63,49,253,239,U
aug_user_4_U7.jpg,74,46,264,236,U
aug_user_4_U8.jpg,63,47,253,237,U
aug_user_4_U9.jpg,69,5,259,195,U
aug_user_4_V0.jpg,130,70,260,200,V
aug_user_4_V1.jpg,73,77,203,207,V
aug_user_4_V2.jpg,56,73,186,203,V
aug_user_4_V3.jpg,67,36,197,166,V
aug_user_4_V4.jpg,135,38,265,168,V
aug_user_4_V5.jpg,84,79,244,239,V
aug_user_4_V6.jpg,75,76,235,236,V
aug_user_4_V7.jpg,82,79,242,239,V
aug_user_4_V8.jpg,67,72,227,232,V
aug_user_4_V9.jpg,79,66,239,226,V
aug_user_4_W0.jpg,70,63,210,203,W
aug_user_4_W1.jpg,114,49,254,189,W
aug_user_4_W2.jpg,94,53,234,193,W
aug_user_4_W3.jpg,79,60,219,200,W
aug_user_4_W4.jpg,78,55,218,195,W
aug_user_4_W5.jpg,66,3,236,173,W
aug_user_4_W6.jpg,61,12,231,182,W
aug_user_4_W7.jpg,77,69,247,239,W
aug_user_4_W8.jpg,84,59,254,229,W
aug_user_4_W9.jpg,71,63,241,233,W
aug_user_4_X0.jpg,64,87,184,207,X
aug_user_4_X1.jpg,78,93,198,213,X
aug_user_4_X2.jpg,54,89,174,209,X
aug_user_4_X3.jpg,74,94,194,214,X
aug_user_4_X4.jpg,64,89,184,209,X
aug_user_4_X5.jpg,126,37,276,187,X
aug_user_4_X6.jpg,108,45,258,195,X
aug_user_4_X7.jpg,138,38,288,188,X
aug_user_4_X8.jpg,110,44,260,194,X
aug_user_4_X9.jpg,124,44,274,194,X
aug_user_4_Y0.jpg,76,48,206,178,Y
aug_user_4_Y1.jpg,96,45,226,175,Y
aug_user_4_Y2.jpg,119,67,249,197,Y
aug_user_4_Y3.jpg,97,50,227,180,Y
aug_user_4_Y4.jpg,102,63,232,193,Y
aug_user_4_Y5.jpg,69,73,229,233,Y
aug_user_4_Y6.jpg,82,4,252,174,Y
aug_user_4_Y7.jpg,98,64,268,234,Y
aug_user_4_Y8.jpg,67,10,237,180,Y
aug_user_4_Y9.jpg,46,5,216,175,Y
aug_user_5_A0.jpg,181,58,271,148,A
aug_user_5_A1.jpg,50,55,140,145,A
aug_user_5_A2.jpg,180,97,270,187,A
aug_user_5_A3.jpg,50,52,140,142,A
aug_user_5_A4.jpg,179,103,269,193,A
aug_user_5_A5.jpg,26,50,116,140,A
aug_user_5_A6.jpg,26,100,116,190,A
aug_user_5_A7.jpg,205,100,295,190,A
aug_user_5_A8.jpg,209,50,299,140,A
aug_user_5_A9.jpg,25,99,115,189,A
aug_user_5_B0.jpg,27,63,157,193,B
aug_user_5_B1.jpg,27,47,157,177,B
aug_user_5_B2.jpg,27,47,157,177,B
aug_user_5_B3.jpg,169,52,289,172,B
aug_user_5_B4.jpg,33,58,143,168,B
aug_user_5_B5.jpg,1,13,151,163,B
aug_user_5_B6.jpg,169,13,319,163,B
aug_user_5_B7.jpg,2,14,142,154,B
aug_user_5_B8.jpg,2,86,142,226,B
aug_user_5_B9.jpg,7,91,137,221,B
aug_user_5_C0.jpg,15,49,125,159,C
aug_user_5_C1.jpg,195,82,305,192,C
aug_user_5_C2.jpg,195,82,305,192,C
aug_user_5_C3.jpg,198,78,308,188,C
aug_user_5_C4.jpg,202,60,302,160,C
aug_user_5_C5.jpg,22,58,152,188,C
aug_user_5_C6.jpg,171,52,301,182,C
aug_user_5_C7.jpg,14,70,144,200,C
aug_user_5_C8.jpg,14,33,144,163,C
aug_user_5_C9.jpg,13,28,143,158,C
aug_user_5_D0.jpg,153,48,303,198,D
aug_user_5_D1.jpg,13,52,163,202,D
aug_user_5_D2.jpg,11,33,161,183,D
aug_user_5_D3.jpg,165,28,315,178,D
aug_user_5_D4.jpg,3,26,153,176,D
aug_user_5_D5.jpg,17,23,187,193,D
aug_user_5_D6.jpg,131,14,301,184,D
aug_user_5_D7.jpg,10,71,170,231,D
aug_user_5_D8.jpg,1,4,161,164,D
aug_user_5_D9.jpg,10,9,150,149,D
aug_user_5_E0.jpg,49,54,159,164,E
aug_user_5_E1.jpg,169,57,279,167,E
aug_user_5_E2.jpg,44,63,154,173,E
aug_user_5_E3.jpg,38,64,148,174,E
aug_user_5_E4.jpg,28,67,138,177,E
aug_user_5_E5.jpg,10,85,110,185,E
aug_user_5_E6.jpg,10,55,110,155,E
aug_user_5_E7.jpg,212,53,312,153,E
aug_user_5_E8.jpg,8,53,108,153,E
aug_user_5_E9.jpg,213,90,313,190,E
aug_user_5_F0.jpg,11,78,141,208,F
aug_user_5_F1.jpg,173,80,303,210,F
aug_user_5_F2.jpg,184,29,314,159,F
aug_user_5_F3.jpg,175,87,305,217,F
aug_user_5_F4.jpg,9,30,139,160,F
aug_user_5_F5.jpg,87,58,217,188,F
aug_user_5_F6.jpg,82,48,212,178,F
aug_user_5_F7.jpg,69,68,199,198,F
aug_user_5_F8.jpg,71,30,201,160,F
aug_user_5_F9.jpg,58,88,188,218,F
aug_user_5_G0.jpg,23,77,143,197,G
aug_user_5_G1.jpg,185,80,305,200,G
aug_user_5_G2.jpg,24,52,144,172,G
aug_user_5_G3.jpg,15,77,135,197,G
aug_user_5_G4.jpg,22,36,142,156,G
aug_user_5_G5.jpg,189,67,319,197,G
aug_user_5_G6.jpg,184,68,314,198,G
aug_user_5_G7.jpg,4,67,134,197,G
aug_user_5_G8.jpg,174,39,304,169,G
aug_user_5_G9.jpg,14,62,144,192,G
aug_user_5_H0.jpg,169,30,289,150,H
aug_user_5_H1.jpg,183,91,303,211,H
aug_user_5_H2.jpg,21,94,141,214,H
aug_user_5_H3.jpg,13,90,133,210,H
aug_user_5_H4.jpg,12,35,132,155,H
aug_user_5_H5.jpg,134,43,294,203,H
aug_user_5_H6.jpg,35,50,175,190,H
aug_user_5_H7.jpg,150,57,290,197,H
aug_user_5_H8.jpg,27,63,167,203,H
aug_user_5_H9.jpg,164,38,304,178,H
aug_user_5_I0.jpg,43,72,153,182,I
aug_user_5_I1.jpg,53,68,163,178,I
aug_user_5_I2.jpg,169,65,279,175,I
aug_user_5_I3.jpg,171,53,281,163,I
aug_user_5_I4.jpg,171,67,281,177,I
aug_user_5_I5.jpg,177,87,297,207,I
aug_user_5_I6.jpg,191,94,311,214,I
aug_user_5_I7.jpg,19,19,139,139,I
aug_user_5_I8.jpg,6,95,126,215,I
aug_user_5_I9.jpg,12,98,132,218,I
aug_user_5_K0.jpg,1,30,151,180,K
aug_user_5_K1.jpg,147,56,297,206,K
aug_user_5_K2.jpg,6,66,156,216,K
aug_user_5_K3.jpg,13,19,163,169,K
aug_user_5_K4.jpg,165,19,315,169,K
aug_user_5_K5.jpg,15,22,185,192,K
aug_user_5_K6.jpg,145,15,315,185,K
aug_user_5_K7.jpg,20,8,190,178,K
aug_user_5_K8.jpg,149,9,319,179,K
aug_user_5_K9.jpg,11,70,181,240,K
aug_user_5_L0.jpg,1,57,161,217,L
aug_user_5_L1.jpg,159,47,319,207,L
aug_user_5_L2.jpg,159,36,319,196,L
aug_user_5_L3.jpg,169,38,319,188,L
aug_user_5_L4.jpg,1,38,131,168,L
aug_user_5_L5.jpg,146,66,296,216,L
aug_user_5_L6.jpg,22,69,172,219,L
aug_user_5_L7.jpg,5,15,155,165,L
aug_user_5_L8.jpg,13,79,163,229,L
aug_user_5_L9.jpg,159,17,309,167,L
aug_user_5_M0.jpg,203,61,293,151,M
aug_user_5_M1.jpg,195,49,285,139,M
aug_user_5_M2.jpg,28,93,118,183,M
aug_user_5_M3.jpg,191,96,281,186,M
aug_user_5_M4.jpg,194,99,284,189,M
aug_user_5_M5.jpg,30,41,130,141,M
aug_user_5_M6.jpg,186,99,286,199,M
aug_user_5_M7.jpg,200,42,300,142,M
aug_user_5_M8.jpg,197,108,297,208,M
aug_user_5_M9.jpg,23,94,123,194,M
aug_user_5_N0.jpg,12,29,122,139,N
aug_user_5_N1.jpg,16,35,126,145,N
aug_user_5_N2.jpg,12,28,122,138,N
aug_user_5_N3.jpg,21,32,131,142,N
aug_user_5_N4.jpg,201,32,311,142,N
aug_user_5_N5.jpg,39,65,159,185,N
aug_user_5_N6.jpg,34,52,154,172,N
aug_user_5_N7.jpg,169,36,289,156,N
aug_user_5_N8.jpg,38,39,158,159,N
aug_user_5_N9.jpg,181,42,301,162,N
aug_user_5_O0.jpg,169,85,289,205,O
aug_user_5_O1.jpg,38,75,158,195,O
aug_user_5_O2.jpg,173,67,283,177,O
aug_user_5_O3.jpg,179,64,289,174,O
aug_user_5_O4.jpg,167,55,277,165,O
aug_user_5_O5.jpg,190,51,310,171,O
aug_user_5_O6.jpg,186,73,306,193,O
aug_user_5_O7.jpg,198,29,318,149,O
aug_user_5_O8.jpg,6,85,126,205,O
aug_user_5_O9.jpg,13,30,133,150,O
aug_user_5_P0.jpg,48,100,168,220,P
aug_user_5_P1.jpg,56,19,176,139,P
aug_user_5_P2.jpg,47,95,167,215,P
aug_user_5_P3.jpg,60,98,180,218,P
aug_user_5_P4.jpg,55,29,175,149,P
aug_user_5_P5.jpg,134,75,244,185,P
aug_user_5_P6.jpg,120,63,230,173,P
aug_user_5_P7.jpg,84,71,194,181,P
aug_user_5_P8.jpg,118,68,228,178,P
aug_user_5_P9.jpg,115,53,225,163,P
aug_user_5_Q0.jpg,146,77,266,197,Q
aug_user_5_Q1.jpg,61,38,181,158,Q
aug_user_5_Q2.jpg,153,92,263,202,Q
aug_user_5_Q3.jpg,141,32,251,142,Q
aug_user_5_Q4.jpg,61,96,171,206,Q
aug_user_5_Q5.jpg,178,55,288,165,Q
aug_user_5_Q6.jpg,41,47,151,157,Q
aug_user_5_Q7.jpg,31,61,141,171,Q
aug_user_5_Q8.jpg,172,53,282,163,Q
aug_user_5_Q9.jpg,173,63,283,173,Q
aug_user_5_R0.jpg,15,39,165,189,R
aug_user_5_R1.jpg,142,57,292,207,R
aug_user_5_R2.jpg,159,54,309,204,R
aug_user_5_R3.jpg,149,62,299,212,R
aug_user_5_R4.jpg,164,60,314,210,R
aug_user_5_R5.jpg,1,33,131,163,R
aug_user_5_R6.jpg,1,28,131,158,R
aug_user_5_R7.jpg,7,32,137,162,R
aug_user_5_R8.jpg,1,34,131,164,R
aug_user_5_R9.jpg,10,82,140,212,R
aug_user_5_S0.jpg,31,88,131,188,S
aug_user_5_S1.jpg,180,88,280,188,S
aug_user_5_S2.jpg,195,55,295,155,S
aug_user_5_S3.jpg,33,55,133,155,S
aug_user_5_S4.jpg,25,57,125,157,S
aug_user_5_S5.jpg,15,41,115,141,S
aug_user_5_S6.jpg,20,102,120,202,S
aug_user_5_S7.jpg,216,105,316,205,S
aug_user_5_S8.jpg,14,32,114,132,S
aug_user_5_S9.jpg,214,107,314,207,S
aug_user_5_T0.jpg,195,27,305,137,T
aug_user_5_T1.jpg,32,19,142,129,T
aug_user_5_T2.jpg,19,19,129,129,T
aug_user_5_T3.jpg,178,17,288,127,T
aug_user_5_T4.jpg,30,110,140,220,T
aug_user_5_T5.jpg,1,79,121,199,T
aug_user_5_T6.jpg,194,35,314,155,T
aug_user_5_T7.jpg,8,89,118,199,T
aug_user_5_T8.jpg,206,96,316,206,T
aug_user_5_T9.jpg,204,43,314,153,T
aug_user_5_U0.jpg,170,60,310,200,U
aug_user_5_U1.jpg,152,34,292,174,U
aug_user_5_U2.jpg,12,31,152,171,U
aug_user_5_U3.jpg,19,28,159,168,U
aug_user_5_U4.jpg,11,37,151,177,U
aug_user_5_U5.jpg,177,79,317,219,U
aug_user_5_U6.jpg,172,86,312,226,U
aug_user_5_U7.jpg,183,17,313,147,U
aug_user_5_U8.jpg,179,23,309,153,U
aug_user_5_U9.jpg,180,91,310,221,U
aug_user_5_V0.jpg,169,51,309,191,V
aug_user_5_V1.jpg,158,48,298,188,V
aug_user_5_V2.jpg,5,47,145,187,V
aug_user_5_V3.jpg,161,47,301,187,V
aug_user_5_V4.jpg,165,56,305,196,V
aug_user_5_V5.jpg,177,29,317,169,V
aug_user_5_V6.jpg,1,30,141,170,V
aug_user_5_V7.jpg,1,66,141,206,V
aug_user_5_V8.jpg,189,77,319,207,V
aug_user_5_V9.jpg,189,74,319,204,V
aug_user_5_W0.jpg,9,44,139,174,W
aug_user_5_W1.jpg,20,59,150,189,W
aug_user_5_W2.jpg,15,41,145,171,W
aug_user_5_W3.jpg,24,58,154,188,W
aug_user_5_W4.jpg,178,56,308,186,W
aug_user_5_W5.jpg,3,25,143,165,W
aug_user_5_W6.jpg,1,65,151,215,W
aug_user_5_W7.jpg,152,68,302,218,W
aug_user_5_W8.jpg,169,63,319,213,W
aug_user_5_W9.jpg,8,24,158,174,W
aug_user_5_X0.jpg,189,81,309,201,X
aug_user_5_X1.jpg,190,72,310,192,X
aug_user_5_X2.jpg,179,78,299,198,X
aug_user_5_X3.jpg,192,72,312,192,X
aug_user_5_X4.jpg,31,79,151,199,X
aug_user_5_X5.jpg,186,38,316,168,X
aug_user_5_X6.jpg,20,51,150,181,X
aug_user_5_X7.jpg,186,60,316,190,X
aug_user_5_X8.jpg,7,76,127,196,X
aug_user_5_X9.jpg,182,40,302,160,X
aug_user_5_Y0.jpg,22,54,152,184,Y
aug_user_5_Y1.jpg,147,56,277,186,Y
aug_user_5_Y2.jpg,168,58,298,188,Y
aug_user_5_Y3.jpg,153,54,283,184,Y
aug_user_5_Y4.jpg,167,49,297,179,Y
aug_user_5_Y5.jpg,1,32,131,162,Y
aug_user_5_Y6.jpg,173,31,303,161,Y
aug_user_5_Y7.jpg,189,85,319,215,Y
aug_user_5_Y8.jpg,179,92,309,222,Y
aug_user_5_Y9.jpg,189,20,319,150,Y
aug_user_6_A0.jpg,143,113,233,203,A
aug_user_6_A1.jpg,143,37,233,127,A
aug_user_6_A2.jpg,141,115,231,205,A
aug_user_6_A3.jpg,87,112,177,202,A
aug_user_6_A4.jpg,147,110,237,200,A
aug_user_6_A5.jpg,30,83,130,183,A
aug_user_6_A6.jpg,188,57,288,157,A
aug_user_6_A7.jpg,192,90,292,190,A
aug_user_6_A8.jpg,32,46,132,146,A
aug_user_6_A9.jpg,34,47,134,147,A
aug_user_6_B0.jpg,74,57,204,187,B
aug_user_6_B1.jpg,77,59,207,189,B
aug_user_6_B2.jpg,114,63,244,193,B
aug_user_6_B3.jpg,114,63,244,193,B
aug_user_6_B4.jpg,125,78,235,188,B
aug_user_6_B5.jpg,168,54,298,184,B
aug_user_6_B6.jpg,168,56,298,186,B
aug_user_6_B7.jpg,172,61,292,181,B
aug_user_6_B8.jpg,26,56,146,176,B
aug_user_6_B9.jpg,26,54,146,174,B
aug_user_6_C0.jpg,97,56,217,176,C
aug_user_6_C1.jpg,103,68,223,188,C
aug_user_6_C2.jpg,116,78,226,188,C
aug_user_6_C3.jpg,118,79,228,189,C
aug_user_6_C4.jpg,119,49,229,159,C
aug_user_6_C5.jpg,185,78,295,188,C
aug_user_6_C6.jpg,184,57,294,167,C
aug_user_6_C7.jpg,23,67,133,177,C
aug_user_6_C8.jpg,19,68,129,178,C
aug_user_6_C9.jpg,13,68,123,178,C
aug_user_6_D0.jpg,82,57,232,207,D
aug_user_6_D1.jpg,90,35,230,175,D
aug_user_6_D2.jpg,96,38,236,178,D
aug_user_6_D3.jpg,94,44,214,164,D
aug_user_6_D4.jpg,106,77,226,197,D
aug_user_6_D5.jpg,65,28,205,168,D
aug_user_6_D6.jpg,58,66,198,206,D
aug_user_6_D7.jpg,47,66,187,206,D
aug_user_6_D8.jpg,56,34,196,174,D
aug_user_6_D9.jpg,46,35,186,175,D
aug_user_6_E0.jpg,148,47,238,137,E
aug_user_6_E1.jpg,76,42,166,132,E
aug_user_6_E2.jpg,152,40,242,130,E
aug_user_6_E3.jpg,156,114,246,204,E
aug_user_6_E4.jpg,77,35,167,125,E
aug_user_6_E5.jpg,57,45,157,145,E
aug_user_6_E6.jpg,161,97,261,197,E
aug_user_6_E7.jpg,54,95,154,195,E
aug_user_6_E8.jpg,54,100,144,190,E
aug_user_6_E9.jpg,174,102,264,192,E
aug_user_6_F0.jpg,83,87,203,207,F
aug_user_6_F1.jpg,91,82,211,202,F
aug_user_6_F2.jpg,115,33,235,153,F
aug_user_6_F3.jpg,107,29,227,149,F
aug_user_6_F4.jpg,91,31,211,151,F
aug_user_6_F5.jpg,48,65,178,195,F
aug_user_6_F6.jpg,56,47,186,177,F
aug_user_6_F7.jpg,144,63,274,193,F
aug_user_6_F8.jpg,152,47,282,177,F
aug_user_6_F9.jpg,144,46,274,176,F
aug_user_6_G0.jpg,81,118,181,218,G
aug_user_6_G1.jpg,74,18,174,118,G
aug_user_6_G2.jpg,78,23,178,123,G
aug_user_6_G3.jpg,156,22,256,122,G
aug_user_6_G4.jpg,66,114,166,214,G
aug_user_6_G5.jpg,73,21,163,111,G
aug_user_6_G6.jpg,154,129,244,219,G
aug_user_6_G7.jpg,162,130,252,220,G
aug_user_6_G8.jpg,141,132,231,222,G
aug_user_6_G9.jpg,80,18,170,108,G
aug_user_6_H0.jpg,177,100,287,210,H
aug_user_6_H1.jpg,183,24,283,124,H
aug_user_6_H2.jpg,47,118,147,218,H
aug_user_6_H3.jpg,32,14,132,114,H
aug_user_6_H4.jpg,30,108,150,228,H
aug_user_6_H5.jpg,140,33,250,143,H
aug_user_6_H6.jpg,132,32,242,142,H
aug_user_6_H7.jpg,78,109,188,219,H
aug_user_6_H8.jpg,84,118,194,228,H
aug_user_6_H9.jpg,75,4,185,114,H
aug_user_6_I0.jpg,153,86,263,196,I
aug_user_6_I1.jpg,63,49,173,159,I
aug_user_6_I2.jpg,157,36,267,146,I
aug_user_6_I3.jpg,59,100,159,200,I
aug_user_6_I4.jpg,153,104,253,204,I
aug_user_6_I5.jpg,5,48,125,168,I
aug_user_6_I6.jpg,196,37,316,157,I
aug_user_6_I7.jpg,189,38,309,158,I
aug_user_6_I8.jpg,199,37,319,157,I
aug_user_6_I9.jpg,5,76,125,196,I
aug_user_6_K0.jpg,107,66,237,196,K
aug_user_6_K1.jpg,98,44,228,174,K
aug_user_6_K2.jpg,69,67,199,197,K
aug_user_6_K3.jpg,81,62,211,192,K
aug_user_6_K4.jpg,70,41,200,171,K
aug_user_6_K5.jpg,86,62,226,202,K
aug_user_6_K6.jpg,104,35,244,175,K
aug_user_6_K7.jpg,80,62,220,202,K
aug_user_6_K8.jpg,88,67,228,207,K
aug_user_6_K9.jpg,104,65,244,205,K
aug_user_6_L0.jpg,159,23,289,153,L
aug_user_6_L1.jpg,158,27,288,157,L
aug_user_6_L2.jpg,24,19,154,149,L
aug_user_6_L3.jpg,151,26,281,156,L
aug_user_6_L4.jpg,162,85,292,215,L
aug_user_6_L5.jpg,44,45,174,175,L
aug_user_6_L6.jpg,56,51,186,181,L
aug_user_6_L7.jpg,42,43,172,173,L
aug_user_6_L8.jpg,143,50,273,180,L
aug_user_6_L9.jpg,154,62,284,192,L
aug_user_6_M0.jpg,83,58,183,158,M
aug_user_6_M1.jpg,130,60,230,160,M
aug_user_6_M2.jpg,74,61,174,161,M
aug_user_6_M3.jpg,94,67,174,147,M
aug_user_6_M4.jpg,145,60,235,150,M
aug_user_6_M5.jpg,162,104,262,204,M
aug_user_6_M6.jpg,65,101,165,201,M
aug_user_6_M7.jpg,56,26,156,126,M
aug_user_6_M8.jpg,66,20,166,120,M
aug_user_6_M9.jpg,78,19,178,119,M
aug_user_6_N0.jpg,150,30,240,120,N
aug_user_6_N1.jpg,85,119,175,209,N
aug_user_6_N2.jpg,77,125,167,215,N
aug_user_6_N3.jpg,91,30,181,120,N
aug_user_6_N4.jpg,89,23,179,113,N
aug_user_6_N5.jpg,140,100,250,210,N
aug_user_6_N6.jpg,78,98,188,208,N
aug_user_6_N7.jpg,65,30,175,140,N
aug_user_6_N8.jpg,138,28,248,138,N
aug_user_6_N9.jpg,61,108,171,218,N
aug_user_6_O0.jpg,182,100,272,190,O
aug_user_6_O1.jpg,173,54,263,144,O
aug_user_6_O2.jpg,50,45,140,135,O
aug_user_6_O3.jpg,58,99,148,189,O
aug_user_6_O4.jpg,172,47,262,137,O
aug_user_6_O5.jpg,166,53,276,163,O
aug_user_6_O6.jpg,54,73,164,183,O
aug_user_6_O7.jpg,174,81,284,191,O
aug_user_6_O8.jpg,45,50,155,160,O
aug_user_6_O9.jpg,32,43,142,153,O
aug_user_6_P0.jpg,158,31,258,131,P
aug_user_6_P1.jpg,165,33,265,133,P
aug_user_6_P2.jpg,63,114,163,214,P
aug_user_6_P3.jpg,176,26,276,126,P
aug_user_6_P4.jpg,39,129,139,229,P
aug_user_6_P5.jpg,51,101,161,211,P
aug_user_6_P6.jpg,40,29,150,139,P
aug_user_6_P7.jpg,45,111,155,221,P
aug_user_6_P8.jpg,44,25,154,135,P
aug_user_6_P9.jpg,37,115,147,225,P
aug_user_6_Q0.jpg,159,116,249,206,Q
aug_user_6_Q1.jpg,150,37,240,127,Q
aug_user_6_Q2.jpg,156,120,246,210,Q
aug_user_6_Q3.jpg,144,115,234,205,Q
aug_user_6_Q4.jpg,85,123,175,213,Q
aug_user_6_Q5.jpg,122,36,222,136,Q
aug_user_6_Q6.jpg,138,103,238,203,Q
aug_user_6_Q7.jpg,116,38,216,138,Q
aug_user_6_Q8.jpg,85,29,185,129,Q
aug_user_6_Q9.jpg,125,31,225,131,Q
aug_user_6_R0.jpg,157,22,287,152,R
aug_user_6_R1.jpg,50,83,180,213,R
aug_user_6_R2.jpg,29,88,159,218,R
aug_user_6_R3.jpg,40,98,170,228,R
aug_user_6_R4.jpg,30,12,160,142,R
aug_user_6_R5.jpg,170,47,310,187,R
aug_user_6_R6.jpg,15,53,155,193,R
aug_user_6_R7.jpg,13,56,153,196,R
aug_user_6_R8.jpg,153,58,293,198,R
aug_user_6_R9.jpg,17,38,157,178,R
aug_user_6_S0.jpg,56,92,146,182,S
aug_user_6_S1.jpg,68,58,158,148,S
aug_user_6_S2.jpg,174,53,264,143,S
aug_user_6_S3.jpg,58,57,148,147,S
aug_user_6_S4.jpg,185,54,275,144,S
aug_user_6_S5.jpg,62,43,172,153,S
aug_user_6_S6.jpg,141,84,251,194,S
aug_user_6_S7.jpg,151,39,261,149,S
aug_user_6_S8.jpg,142,29,252,139,S
aug_user_6_S9.jpg,74,112,174,212,S
aug_user_6_T0.jpg,28,23,128,123,T
aug_user_6_T1.jpg,176,28,276,128,T
aug_user_6_T2.jpg,188,120,288,220,T
aug_user_6_T3.jpg,37,25,137,125,T
aug_user_6_T4.jpg,184,18,284,118,T
aug_user_6_T5.jpg,30,55,130,155,T
aug_user_6_T6.jpg,185,82,285,182,T
aug_user_6_T7.jpg,18,48,118,148,T
aug_user_6_T8.jpg,22,44,122,144,T
aug_user_6_T9.jpg,203,99,303,199,T
aug_user_6_U0.jpg,149,41,279,171,U
aug_user_6_U1.jpg,137,37,267,167,U
aug_user_6_U2.jpg,33,32,163,162,U
aug_user_6_U3.jpg,139,74,269,204,U
aug_user_6_U4.jpg,44,78,174,208,U
aug_user_6_U5.jpg,33,82,163,212,U
aug_user_6_U6.jpg,37,42,167,172,U
aug_user_6_U7.jpg,154,27,284,157,U
aug_user_6_U8.jpg,148,30,278,160,U
aug_user_6_U9.jpg,51,27,181,157,U
aug_user_6_V0.jpg,137,35,267,165,V
aug_user_6_V1.jpg,59,71,189,201,V
aug_user_6_V2.jpg,40,36,170,166,V
aug_user_6_V3.jpg,51,85,181,215,V
aug_user_6_V4.jpg,157,88,287,218,V
aug_user_6_V5.jpg,158,53,298,193,V
aug_user_6_V6.jpg,31,54,171,194,V
aug_user_6_V7.jpg,13,45,153,185,V
aug_user_6_V8.jpg,25,60,165,200,V
aug_user_6_V9.jpg,163,65,303,205,V
aug_user_6_W0.jpg,35,81,165,211,W
aug_user_6_W1.jpg,59,74,189,204,W
aug_user_6_W2.jpg,150,87,280,217,W
aug_user_6_W3.jpg,135,83,265,213,W
aug_user_6_W4.jpg,151,95,281,225,W
aug_user_6_W5.jpg,31,51,171,191,W
aug_user_6_W6.jpg,136,64,276,204,W
aug_user_6_W7.jpg,149,43,289,183,W
aug_user_6_W8.jpg,137,42,277,182,W
aug_user_6_W9.jpg,143,62,283,202,W
aug_user_6_X0.jpg,60,95,160,195,X
aug_user_6_X1.jpg,146,53,246,153,X
aug_user_6_X2.jpg,60,102,160,202,X
aug_user_6_X3.jpg,70,95,170,195,X
aug_user_6_X4.jpg,58,31,158,131,X
aug_user_6_X5.jpg,131,72,261,202,X
aug_user_6_X6.jpg,97,56,227,186,X
aug_user_6_X7.jpg,59,60,189,190,X
aug_user_6_X8.jpg,72,53,202,183,X
aug_user_6_X9.jpg,50,68,180,198,X
aug_user_6_Y0.jpg,32,83,162,213,Y
aug_user_6_Y1.jpg,134,31,264,161,Y
aug_user_6_Y2.jpg,41,26,171,156,Y
aug_user_6_Y3.jpg,132,26,262,156,Y
aug_user_6_Y4.jpg,142,89,272,219,Y
aug_user_6_Y5.jpg,161,66,291,196,Y
aug_user_6_Y6.jpg,50,61,180,191,Y
aug_user_6_Y7.jpg,160,64,290,194,Y
aug_user_6_Y8.jpg,142,61,272,191,Y
aug_user_6_Y9.jpg,32,39,162,169,Y
aug_user_7_A0.jpg,61,39,151,129,A
aug_user_7_A1.jpg,170,35,260,125,A
aug_user_7_A2.jpg,167,114,267,214,A
aug_user_7_A3.jpg,53,114,153,214,A
aug_user_7_A4.jpg,53,110,153,210,A
aug_user_7_A5.jpg,182,72,262,152,A
aug_user_7_A6.jpg,59,74,139,154,A
aug_user_7_A7.jpg,59,74,139,154,A
aug_user_7_A8.jpg,178,71,268,161,A
aug_user_7_A9.jpg,51,74,141,164,A
aug_user_7_B0.jpg,77,19,217,159,B
aug_user_7_B1.jpg,72,29,202,159,B
aug_user_7_B2.jpg,128,35,248,155,B
aug_user_7_B3.jpg,67,81,187,201,B
aug_user_7_B4.jpg,66,46,186,166,B
aug_user_7_B5.jpg,164,67,294,197,B
aug_user_7_B6.jpg,164,67,294,197,B
aug_user_7_B7.jpg,158,66,288,196,B
aug_user_7_B8.jpg,157,67,287,197,B
aug_user_7_B9.jpg,38,47,158,167,B
aug_user_7_C0.jpg,55,45,155,145,C
aug_user_7_C1.jpg,47,93,147,193,C
aug_user_7_C2.jpg,47,52,147,152,C
aug_user_7_C3.jpg,50,87,150,187,C
aug_user_7_C4.jpg,168,50,268,150,C
aug_user_7_C5.jpg,203,58,303,158,C
aug_user_7_C6.jpg,204,83,304,183,C
aug_user_7_C7.jpg,14,60,114,160,C
aug_user_7_C8.jpg,201,76,301,176,C
aug_user_7_C9.jpg,207,64,307,164,C
aug_user_7_D0.jpg,63,26,233,196,D
aug_user_7_D1.jpg,96,44,256,204,D
aug_user_7_D2.jpg,89,33,249,193,D
aug_user_7_D3.jpg,103,32,243,172,D
aug_user_7_D4.jpg,107,31,247,171,D
aug_user_7_D5.jpg,170,41,300,171,D
aug_user_7_D6.jpg,25,43,155,173,D
aug_user_7_D7.jpg,31,67,161,197,D
aug_user_7_D8.jpg,158,64,288,194,D
aug_user_7_D9.jpg,24,63,154,193,D
aug_user_7_E0.jpg,127,56,237,166,E
aug_user_7_E1.jpg,127,63,227,163,E
aug_user_7_E2.jpg,130,70,220,160,E
aug_user_7_E3.jpg,90,81,180,171,E
aug_user_7_E4.jpg,135,78,225,168,E
aug_user_7_E5.jpg,167,87,267,187,E
aug_user_7_E6.jpg,57,55,157,155,E
aug_user_7_E7.jpg,51,86,151,186,E
aug_user_7_E8.jpg,49,81,149,181,E
aug_user_7_E9.jpg,58,82,158,182,E
aug_user_7_F0.jpg,158,97,278,217,F
aug_user_7_F1.jpg,56,96,176,216,F
aug_user_7_F2.jpg,45,90,165,210,F
aug_user_7_F3.jpg,45,90,165,210,F
aug_user_7_F4.jpg,55,88,175,208,F
aug_user_7_F5.jpg,12,60,132,180,F
aug_user_7_F6.jpg,181,60,301,180,F
aug_user_7_F7.jpg,8,59,128,179,F
aug_user_7_F8.jpg,17,60,137,180,F
aug_user_7_F9.jpg,187,66,307,186,F
aug_user_7_G0.jpg,152,43,252,143,G
aug_user_7_G1.jpg,75,97,175,197,G
aug_user_7_G2.jpg,69,99,169,199,G
aug_user_7_G3.jpg,78,102,178,202,G
aug_user_7_G4.jpg,66,102,166,202,G
aug_user_7_G5.jpg,3,51,113,161,G
aug_user_7_G6.jpg,8,76,118,186,G
aug_user_7_G7.jpg,207,96,317,206,G
aug_user_7_G8.jpg,196,42,306,152,G
aug_user_7_G9.jpg,202,50,312,160,G
aug_user_7_H0.jpg,34,89,144,199,H
aug_user_7_H1.jpg,170,96,280,206,H
aug_user_7_H2.jpg,181,114,281,214,H
aug_user_7_H3.jpg,44,24,144,124,H
aug_user_7_H4.jpg,182,26,282,126,H
aug_user_7_H5.jpg,203,74,313,184,H
aug_user_7_H6.jpg,9,62,119,172,H
aug_user_7_H7.jpg,7,54,117,164,H
aug_user_7_H8.jpg,16,78,126,188,H
aug_user_7_H9.jpg,3,81,113,191,H
aug_user_7_I0.jpg,51,54,161,164,I
aug_user_7_I1.jpg,68,47,178,157,I
aug_user_7_I2.jpg,57,53,167,163,I
aug_user_7_I3.jpg,57,69,167,179,I
aug_user_7_I4.jpg,154,71,264,181,I
aug_user_7_I5.jpg,23,69,133,179,I
aug_user_7_I6.jpg,176,65,286,175,I
aug_user_7_I7.jpg,51,65,161,175,I
aug_user_7_I8.jpg,171,67,281,177,I
aug_user_7_I9.jpg,44,70,154,180,I
aug_user_7_K0.jpg,76,19,206,149,K
aug_user_7_K1.jpg,95,87,225,217,K
aug_user_7_K2.jpg,69,25,199,155,K
aug_user_7_K3.jpg,97,98,227,228,K
aug_user_7_K4.jpg,103,84,233,214,K
aug_user_7_K5.jpg,134,78,264,208,K
aug_user_7_K6.jpg,70,32,200,162,K
aug_user_7_K7.jpg,47,35,177,165,K
aug_user_7_K8.jpg,72,85,202,215,K
aug_user_7_K9.jpg,112,72,242,202,K
aug_user_7_L0.jpg,131,91,261,221,L
aug_user_7_L1.jpg,49,21,179,151,L
aug_user_7_L2.jpg,126,96,256,226,L
aug_user_7_L3.jpg,128,83,258,213,L
aug_user_7_L4.jpg,66,96,196,226,L
aug_user_7_L5.jpg,15,93,145,223,L
aug_user_7_L6.jpg,165,97,295,227,L
aug_user_7_L7.jpg,178,91,308,221,L
aug_user_7_L8.jpg,31,13,161,143,L
aug_user_7_L9.jpg,18,18,148,148,L
aug_user_7_M0.jpg,114,72,204,162,M
aug_user_7_M1.jpg,122,80,212,170,M
aug_user_7_M2.jpg,115,81,205,171,M
aug_user_7_M3.jpg,105,73,195,163,M
aug_user_7_M4.jpg,95,68,185,158,M
aug_user_7_M5.jpg,180,49,270,139,M
aug_user_7_M6.jpg,169,46,259,136,M
aug_user_7_M7.jpg,178,100,268,190,M
aug_user_7_M8.jpg,174,50,264,140,M
aug_user_7_M9.jpg,177,55,267,145,M
aug_user_7_N0.jpg,95,59,195,159,N
aug_user_7_N1.jpg,105,77,205,177,N
aug_user_7_N2.jpg,117,48,217,148,N
aug_user_7_N3.jpg,107,88,207,188,N
aug_user_7_N4.jpg,105,53,205,153,N
aug_user_7_N5.jpg,41,93,131,183,N
aug_user_7_N6.jpg,51,54,141,144,N
aug_user_7_N7.jpg,192,58,282,148,N
aug_user_7_N8.jpg,179,88,269,178,N
aug_user_7_N9.jpg,41,65,131,155,N
aug_user_7_O0.jpg,73,51,163,141,O
aug_user_7_O1.jpg,79,49,169,139,O
aug_user_7_O2.jpg,153,96,243,186,O
aug_user_7_O3.jpg,73,50,163,140,O
aug_user_7_O4.jpg,152,102,242,192,O
aug_user_7_O5.jpg,18,93,128,203,O
aug_user_7_O6.jpg,29,36,139,146,O
aug_user_7_O7.jpg,18,30,128,140,O
aug_user_7_O8.jpg,184,99,294,209,O
aug_user_7_O9.jpg,26,39,116,129,O
aug_user_7_P0.jpg,42,102,152,212,P
aug_user_7_P1.jpg,171,43,281,153,P
aug_user_7_P2.jpg,175,104,285,214,P
aug_user_7_P3.jpg,162,98,272,208,P
aug_user_7_P4.jpg,178,94,288,204,P
aug_user_7_P5.jpg,116,37,206,127,P
aug_user_7_P6.jpg,129,111,219,201,P
aug_user_7_P7.jpg,120,33,210,123,P
aug_user_7_P8.jpg,122,41,212,131,P
aug_user_7_P9.jpg,97,37,187,127,P
aug_user_7_Q0.jpg,172,139,262,229,Q
aug_user_7_Q1.jpg,49,15,139,105,Q
aug_user_7_Q2.jpg,167,129,257,219,Q
aug_user_7_Q3.jpg,52,123,142,213,Q
aug_user_7_Q4.jpg,60,23,150,113,Q
aug_user_7_Q5.jpg,114,148,194,228,Q
aug_user_7_Q6.jpg,137,16,217,96,Q
aug_user_7_Q7.jpg,126,14,206,94,Q
aug_user_7_Q8.jpg,101,145,181,225,Q
aug_user_7_Q9.jpg,139,12,219,92,Q
aug_user_7_R0.jpg,89,60,219,190,R
aug_user_7_R1.jpg,109,54,239,184,R
aug_user_7_R2.jpg,96,50,226,180,R
aug_user_7_R3.jpg,79,56,209,186,R
aug_user_7_R4.jpg,109,59,239,189,R
aug_user_7_R5.jpg,152,64,272,184,R
aug_user_7_R6.jpg,154,65,264,175,R
aug_user_7_R7.jpg,152,61,262,171,R
aug_user_7_R8.jpg,57,66,167,176,R
aug_user_7_R9.jpg,72,65,182,175,R
aug_user_7_S0.jpg,111,62,211,162,S
aug_user_7_S1.jpg,121,77,221,177,S
aug_user_7_S2.jpg,104,70,204,170,S
aug_user_7_S3.jpg,106,66,206,166,S
aug_user_7_S4.jpg,120,72,220,172,S
aug_user_7_S5.jpg,151,80,241,170,S
aug_user_7_S6.jpg,87,82,177,172,S
aug_user_7_S7.jpg,153,69,243,159,S
aug_user_7_S8.jpg,145,81,235,171,S
aug_user_7_S9.jpg,158,71,248,161,S
aug_user_7_T0.jpg,125,90,235,200,T
aug_user_7_T1.jpg,92,44,202,154,T
aug_user_7_T2.jpg,79,35,189,145,T
aug_user_7_T3.jpg,88,45,198,155,T
aug_user_7_T4.jpg,128,42,238,152,T
aug_user_7_T5.jpg,28,63,128,163,T
aug_user_7_T6.jpg,26,53,126,153,T
aug_user_7_T7.jpg,30,76,130,176,T
aug_user_7_T8.jpg,199,78,299,178,T
aug_user_7_T9.jpg,188,71,288,171,T
aug_user_7_U0.jpg,84,66,214,196,U
aug_user_7_U1.jpg,92,41,222,171,U
aug_user_7_U2.jpg,102,60,232,190,U
aug_user_7_U3.jpg,81,51,211,181,U
aug_user_7_U4.jpg,94,62,224,192,U
aug_user_7_U5.jpg,39,82,169,212,U
aug_user_7_U6.jpg,45,20,175,150,U
aug_user_7_U7.jpg,27,29,157,159,U
aug_user_7_U8.jpg,34,85,164,215,U
aug_user_7_U9.jpg,22,34,152,164,U
aug_user_7_V0.jpg,114,64,224,174,V
aug_user_7_V1.jpg,108,68,218,178,V
aug_user_7_V2.jpg,97,60,207,170,V
aug_user_7_V3.jpg,103,55,223,175,V
aug_user_7_V4.jpg,122,56,242,176,V
aug_user_7_V5.jpg,34,66,154,186,V
aug_user_7_V6.jpg,47,46,167,166,V
aug_user_7_V7.jpg,14,68,134,188,V
aug_user_7_V8.jpg,31,74,151,194,V
aug_user_7_V9.jpg,25,65,145,185,V
aug_user_7_W0.jpg,102,60,222,180,W
aug_user_7_W1.jpg,96,54,216,174,W
aug_user_7_W2.jpg,96,60,216,180,W
aug_user_7_W3.jpg,85,65,205,185,W
aug_user_7_W4.jpg,106,48,226,168,W
aug_user_7_W5.jpg,163,29,283,149,W
aug_user_7_W6.jpg,144,31,264,151,W
aug_user_7_W7.jpg,173,86,293,206,W
aug_user_7_W8.jpg,159,93,279,213,W
aug_user_7_W9.jpg,166,35,286,155,W
aug_user_7_X0.jpg,81,70,191,180,X
aug_user_7_X1.jpg,78,83,188,193,X
aug_user_7_X2.jpg,72,74,182,184,X
aug_user_7_X3.jpg,87,54,197,164,X
aug_user_7_X4.jpg,69,81,179,191,X
aug_user_7_X5.jpg,195,37,295,137,X
aug_user_7_X6.jpg,190,23,290,123,X
aug_user_7_X7.jpg,17,89,117,189,X
aug_user_7_X8.jpg,30,62,130,162,X
aug_user_7_X9.jpg,18,81,118,181,X
aug_user_7_Y0.jpg,106,54,226,174,Y
aug_user_7_Y1.jpg,83,68,203,188,Y
aug_user_7_Y2.jpg,85,83,205,203,Y
aug_user_7_Y3.jpg,85,83,205,203,Y
aug_user_7_Y4.jpg,108,41,228,161,Y
aug_user_7_Y5.jpg,41,46,161,166,Y
aug_user_7_Y6.jpg,55,70,175,190,Y
aug_user_7_Y7.jpg,46,54,166,174,Y
aug_user_7_Y8.jpg,70,64,190,184,Y
aug_user_7_Y9.jpg,52,61,172,181,Y
aug_user_9_A0.jpg,175,106,265,196,A
aug_user_9_A1.jpg,180,111,260,191,A
aug_user_9_A2.jpg,180,111,260,191,A
aug_user_9_A3.jpg,63,49,143,129,A
aug_user_9_A4.jpg,178,116,258,196,A
aug_user_9_A5.jpg,45,103,145,203,A
aug_user_9_A6.jpg,40,98,150,208,A
aug_user_9_A7.jpg,173,39,283,149,A
aug_user_9_A8.jpg,180,93,280,193,A
aug_user_9_A9.jpg,180,93,280,193,A
aug_user_9_B0.jpg,149,75,289,215,B
aug_user_9_B1.jpg,162,82,292,212,B
aug_user_9_B2.jpg,10,82,140,212,B
aug_user_9_B3.jpg,9,79,139,209,B
aug_user_9_B4.jpg,2,40,142,180,B
aug_user_9_B5.jpg,128,8,308,188,B
aug_user_9_B6.jpg,125,60,295,230,B
aug_user_9_B7.jpg,31,8,201,178,B
aug_user_9_B8.jpg,123,19,273,169,B
aug_user_9_B9.jpg,55,74,195,214,B
aug_user_9_C0.jpg,18,62,148,192,C
aug_user_9_C1.jpg,18,41,148,171,C
aug_user_9_C2.jpg,190,52,310,172,C
aug_user_9_C3.jpg,9,48,129,168,C
aug_user_9_C4.jpg,176,88,296,208,C
aug_user_9_C5.jpg,116,11,246,141,C
aug_user_9_C6.jpg,115,90,245,220,C
aug_user_9_C7.jpg,111,68,251,208,C
aug_user_9_C8.jpg,66,34,206,174,C
aug_user_9_C9.jpg,65,77,205,217,C
aug_user_9_D0.jpg,5,101,135,231,D
aug_user_9_D1.jpg,194,11,314,131,D
aug_user_9_D2.jpg,196,16,316,136,D
aug_user_9_D3.jpg,7,21,117,131,D
aug_user_9_D4.jpg,203,23,313,133,D
aug_user_9_D5.jpg,69,2,219,152,D
aug_user_9_D6.jpg,69,2,219,152,D
aug_user_9_D7.jpg,88,1,238,151,D
aug_user_9_D8.jpg,92,92,232,232,D
aug_user_9_D9.jpg,89,13,229,153,D
aug_user_9_E0.jpg,96,50,196,150,E
aug_user_9_E1.jpg,124,97,224,197,E
aug_user_9_E2.jpg,126,39,226,139,E
aug_user_9_E3.jpg,146,106,226,186,E
aug_user_9_E4.jpg,129,59,229,159,E
aug_user_9_E5.jpg,135,99,245,209,E
aug_user_9_E6.jpg,82,39,182,139,E
aug_user_9_E7.jpg,83,96,183,196,E
aug_user_9_E8.jpg,137,96,237,196,E
aug_user_9_E9.jpg,71,37,181,147,E
aug_user_9_F0.jpg,55,18,205,168,F
aug_user_9_F1.jpg,105,70,255,220,F
aug_user_9_F2.jpg,54,20,184,150,F
aug_user_9_F3.jpg,125,90,255,220,F
aug_user_9_F4.jpg,142,23,272,153,F
aug_user_9_F5.jpg,128,96,258,226,F
aug_user_9_F6.jpg,60,92,190,222,F
aug_user_9_F7.jpg,71,87,201,217,F
aug_user_9_F8.jpg,124,38,244,158,F
aug_user_9_F9.jpg,76,38,196,158,F
aug_user_9_G0.jpg,37,36,157,156,G
aug_user_9_G1.jpg,41,59,161,179,G
aug_user_9_G2.jpg,48,75,168,195,G
aug_user_9_G3.jpg,155,85,275,205,G
aug_user_9_G4.jpg,52,25,152,125,G
aug_user_9_G5.jpg,116,10,226,120,G
aug_user_9_G6.jpg,102,9,212,119,G
aug_user_9_G7.jpg,118,15,228,125,G
aug_user_9_G8.jpg,107,112,217,222,G
aug_user_9_G9.jpg,114,116,224,226,G
aug_user_9_H0.jpg,206,90,316,200,H
aug_user_9_H1.jpg,206,41,316,151,H
aug_user_9_H2.jpg,3,94,113,204,H
aug_user_9_H3.jpg,209,23,319,133,H
aug_user_9_H4.jpg,1,21,111,131,H
aug_user_9_H5.jpg,114,115,234,235,H
aug_user_9_H6.jpg,96,111,216,231,H
aug_user_9_H7.jpg,116,101,236,221,H
aug_user_9_H8.jpg,94,32,214,152,H
aug_user_9_H9.jpg,87,85,207,205,H
aug_user_9_I0.jpg,205,90,305,190,I
aug_user_9_I1.jpg,22,92,122,192,I
aug_user_9_I2.jpg,7,94,107,194,I
aug_user_9_I3.jpg,200,41,300,141,I
aug_user_9_I4.jpg,25,53,125,153,I
aug_user_9_I5.jpg,127,112,247,232,I
aug_user_9_I6.jpg,135,4,255,124,I
aug_user_9_I7.jpg,139,122,239,222,I
aug_user_9_I8.jpg,76,124,176,224,I
aug_user_9_I9.jpg,86,118,186,218,I
aug_user_9_K0.jpg,88,9,218,139,K
aug_user_9_K1.jpg,107,101,237,231,K
aug_user_9_K2.jpg,87,100,217,230,K
aug_user_9_K3.jpg,111,10,241,140,K
aug_user_9_K4.jpg,102,25,222,145,K
aug_user_9_K5.jpg,161,22,281,142,K
aug_user_9_K6.jpg,171,98,291,218,K
aug_user_9_K7.jpg,40,25,160,145,K
aug_user_9_K8.jpg,29,22,149,142,K
aug_user_9_K9.jpg,180,95,300,215,K
aug_user_9_L0.jpg,184,81,294,191,L
aug_user_9_L1.jpg,36,44,146,154,L
aug_user_9_L2.jpg,26,83,136,193,L
aug_user_9_L3.jpg,50,83,160,193,L
aug_user_9_L4.jpg,52,47,162,157,L
aug_user_9_L5.jpg,89,106,219,236,L
aug_user_9_L6.jpg,79,94,209,224,L
aug_user_9_L7.jpg,112,17,232,137,L
aug_user_9_L8.jpg,115,17,235,137,L
aug_user_9_L9.jpg,96,107,216,227,L
aug_user_9_M0.jpg,92,90,182,180,M
aug_user_9_M1.jpg,101,90,191,180,M
aug_user_9_M2.jpg,96,86,186,176,M
aug_user_9_M3.jpg,127,70,217,160,M
aug_user_9_M4.jpg,125,66,215,156,M
aug_user_9_M5.jpg,125,90,245,210,M
aug_user_9_M6.jpg,132,27,252,147,M
aug_user_9_M7.jpg,139,94,259,214,M
aug_user_9_M8.jpg,74,91,194,211,M
aug_user_9_M9.jpg,71,100,191,220,M
aug_user_9_N0.jpg,72,68,182,178,N
aug_user_9_N1.jpg,133,60,243,170,N
aug_user_9_N2.jpg,140,58,250,168,N
aug_user_9_N3.jpg,135,57,245,167,N
aug_user_9_N4.jpg,71,60,181,170,N
aug_user_9_N5.jpg,127,94,237,204,N
aug_user_9_N6.jpg,76,33,186,143,N
aug_user_9_N7.jpg,85,94,195,204,N
aug_user_9_N8.jpg,66,102,176,212,N
aug_user_9_N9.jpg,61,100,171,210,N
aug_user_9_O0.jpg,85,39,175,129,O
aug_user_9_O1.jpg,139,114,229,204,O
aug_user_9_O2.jpg,129,114,219,204,O
aug_user_9_O3.jpg,137,42,227,132,O
aug_user_9_O4.jpg,103,39,193,129,O
aug_user_9_O5.jpg,93,95,193,195,O
aug_user_9_O6.jpg,114,99,214,199,O
aug_user_9_O7.jpg,94,43,194,143,O
aug_user_9_O8.jpg,117,101,217,201,O
aug_user_9_O9.jpg,105,99,205,199,O
aug_user_9_P0.jpg,113,46,203,136,P
aug_user_9_P1.jpg,101,102,191,192,P
aug_user_9_P2.jpg,120,45,210,135,P
aug_user_9_P3.jpg,99,52,189,142,P
aug_user_9_P4.jpg,104,37,194,127,P
aug_user_9_P5.jpg,2,62,102,162,P
aug_user_9_P6.jpg,204,78,304,178,P
aug_user_9_P7.jpg,215,81,315,181,P
aug_user_9_P8.jpg,6,69,106,169,P
aug_user_9_P9.jpg,210,60,310,160,P
aug_user_9_Q0.jpg,161,43,251,133,Q
aug_user_9_Q1.jpg,91,100,181,190,Q
aug_user_9_Q2.jpg,148,108,238,198,Q
aug_user_9_Q3.jpg,84,98,174,188,Q
aug_user_9_Q4.jpg,85,47,175,137,Q
aug_user_9_Q5.jpg,43,67,143,167,Q
aug_user_9_Q6.jpg,190,78,290,178,Q
aug_user_9_Q7.jpg,188,76,288,176,Q
aug_user_9_Q8.jpg,36,65,136,165,Q
aug_user_9_Q9.jpg,24,65,124,165,Q
aug_user_9_R0.jpg,150,54,250,154,R
aug_user_9_R1.jpg,82,53,182,153,R
aug_user_9_R2.jpg,64,57,164,157,R
aug_user_9_R3.jpg,138,87,238,187,R
aug_user_9_R4.jpg,152,57,252,157,R
aug_user_9_R5.jpg,109,23,239,153,R
aug_user_9_R6.jpg,131,26,251,146,R
aug_user_9_R7.jpg,122,88,242,208,R
aug_user_9_R8.jpg,134,92,254,212,R
aug_user_9_R9.jpg,123,85,243,205,R
aug_user_9_S0.jpg,80,70,160,150,S
aug_user_9_S1.jpg,151,71,231,151,S
aug_user_9_S2.jpg,73,90,153,170,S
aug_user_9_S3.jpg,82,64,162,144,S
aug_user_9_S4.jpg,164,64,244,144,S
aug_user_9_S5.jpg,73,66,163,156,S
aug_user_9_S6.jpg,169,62,259,152,S
aug_user_9_S7.jpg,73,79,163,169,S
aug_user_9_S8.jpg,169,83,259,173,S
aug_user_9_S9.jpg,74,71,164,161,S
aug_user_9_T0.jpg,29,72,129,172,T
aug_user_9_T1.jpg,33,59,133,159,T
aug_user_9_T2.jpg,20,63,120,163,T
aug_user_9_T3.jpg,183,62,283,162,T
aug_user_9_T4.jpg,30,75,130,175,T
aug_user_9_T5.jpg,90,90,200,200,T
aug_user_9_T6.jpg,88,33,198,143,T
aug_user_9_T7.jpg,121,46,231,156,T
aug_user_9_T8.jpg,72,91,182,201,T
aug_user_9_T9.jpg,90,86,200,196,T
aug_user_9_U0.jpg,174,63,294,183,U
aug_user_9_U1.jpg,166,50,286,170,U
aug_user_9_U2.jpg,176,60,296,180,U
aug_user_9_U3.jpg,153,71,273,191,U
aug_user_9_U4.jpg,33,56,153,176,U
aug_user_9_U5.jpg,141,78,291,228,U
aug_user_9_U6.jpg,38,83,188,233,U
aug_user_9_U7.jpg,132,12,282,162,U
aug_user_9_U8.jpg,120,20,260,160,U
aug_user_9_U9.jpg,131,20,271,160,U
aug_user_9_V0.jpg,20,66,150,196,V
aug_user_9_V1.jpg,34,72,154,192,V
aug_user_9_V2.jpg,42,73,162,193,V
aug_user_9_V3.jpg,142,69,262,189,V
aug_user_9_V4.jpg,155,66,275,186,V
aug_user_9_V5.jpg,112,79,252,219,V
aug_user_9_V6.jpg,127,80,267,220,V
aug_user_9_V7.jpg,87,25,227,165,V
aug_user_9_V8.jpg,116,78,256,218,V
aug_user_9_V9.jpg,128,23,268,163,V
aug_user_9_W0.jpg,113,71,253,211,W
aug_user_9_W1.jpg,99,21,239,161,W
aug_user_9_W2.jpg,121,17,261,157,W
aug_user_9_W3.jpg,74,15,214,155,W
aug_user_9_W4.jpg,136,77,276,217,W
aug_user_9_W5.jpg,150,110,280,240,W
aug_user_9_W6.jpg,160,1,290,131,W
aug_user_9_W7.jpg,141,8,271,138,W
aug_user_9_W8.jpg,160,97,290,227,W
aug_user_9_W9.jpg,30,108,150,228,W
aug_user_9_X0.jpg,152,43,262,153,X
aug_user_9_X1.jpg,140,43,250,153,X
aug_user_9_X2.jpg,55,49,165,159,X
aug_user_9_X3.jpg,155,84,255,184,X
aug_user_9_X4.jpg,68,88,168,188,X
aug_user_9_X5.jpg,56,115,166,225,X
aug_user_9_X6.jpg,145,108,255,218,X
aug_user_9_X7.jpg,53,106,163,216,X
aug_user_9_X8.jpg,142,28,252,138,X
aug_user_9_X9.jpg,152,103,262,213,X
aug_user_9_Y0.jpg,29,84,139,194,Y
aug_user_9_Y1.jpg,46,41,156,151,Y
aug_user_9_Y2.jpg,30,80,140,190,Y
aug_user_9_Y3.jpg,158,52,268,162,Y
aug_user_9_Y4.jpg,174,73,284,183,Y
aug_user_9_Y5.jpg,78,107,188,217,Y
aug_user_9_Y6.jpg,68,112,178,222,Y
aug_user_9_Y7.jpg,124,28,234,138,Y
aug_user_9_Y8.jpg,70,93,180,203,Y
aug_user_9_Y9.jpg,75,41,175,141,Y
