hand1_a_bot_seg_1_cropped.png,0,0,244,358,A
hand1_a_bot_seg_2_cropped.png,0,0,241,358,A
hand1_a_bot_seg_3_cropped.png,0,0,245,362,A
hand1_a_bot_seg_4_cropped.png,0,0,244,362,A
hand1_a_bot_seg_5_cropped.png,0,0,250,356,A
hand1_a_dif_seg_1_cropped.png,0,0,295,396,A
hand1_a_dif_seg_2_cropped.png,0,0,297,399,A
hand1_a_dif_seg_3_cropped.png,0,0,295,391,A
hand1_a_dif_seg_4_cropped.png,0,0,297,414,A
hand1_a_dif_seg_5_cropped.png,0,0,292,413,A
hand1_a_left_seg_1_cropped.png,0,0,233,328,A
hand1_a_left_seg_2_cropped.png,0,0,226,327,A
hand1_a_left_seg_3_cropped.png,0,0,218,324,A
hand1_a_left_seg_4_cropped.png,0,0,218,324,A
hand1_a_left_seg_5_cropped.png,0,0,224,325,A
hand1_a_right_seg_1_cropped.png,0,0,245,314,A
hand1_a_right_seg_2_cropped.png,0,0,245,314,A
hand1_a_right_seg_3_cropped.png,0,0,243,313,A
hand1_a_right_seg_4_cropped.png,0,0,243,314,A
hand1_a_right_seg_5_cropped.png,0,0,243,316,A
hand1_a_top_seg_1_cropped.png,0,0,289,393,A
hand1_a_top_seg_2_cropped.png,0,0,292,396,A
hand1_a_top_seg_3_cropped.png,0,0,293,398,A
hand1_a_top_seg_4_cropped.png,0,0,294,398,A
hand1_a_top_seg_5_cropped.png,0,0,298,403,A
hand1_b_bot_seg_1_cropped.png,0,0,208,488,B
hand1_b_bot_seg_2_cropped.png,0,0,205,488,B
hand1_b_bot_seg_3_cropped.png,0,0,212,494,B
hand1_b_bot_seg_4_cropped.png,0,0,210,494,B
hand1_b_bot_seg_5_cropped.png,0,0,205,486,B
hand1_b_dif_seg_1_cropped.png,0,0,203,473,B
hand1_b_dif_seg_2_cropped.png,0,0,205,474,B
hand1_b_dif_seg_3_cropped.png,0,0,206,471,B
hand1_b_dif_seg_4_cropped.png,0,0,203,467,B
hand1_b_dif_seg_5_cropped.png,0,0,207,489,B
hand1_b_left_seg_1_cropped.png,0,0,186,448,B
hand1_b_left_seg_2_cropped.png,0,0,185,445,B
hand1_b_left_seg_3_cropped.png,0,0,186,444,B
hand1_b_left_seg_4_cropped.png,0,0,185,444,B
hand1_b_left_seg_5_cropped.png,0,0,184,442,B
hand1_b_right_seg_1_cropped.png,0,0,189,424,B
hand1_b_right_seg_2_cropped.png,0,0,190,425,B
hand1_b_right_seg_3_cropped.png,0,0,191,426,B
hand1_b_right_seg_4_cropped.png,0,0,191,429,B
hand1_b_right_seg_5_cropped.png,0,0,192,430,B
hand1_b_top_seg_1_cropped.png,0,0,202,485,B
hand1_b_top_seg_2_cropped.png,0,0,202,486,B
hand1_b_top_seg_3_cropped.png,0,0,201,487,B
hand1_b_top_seg_4_cropped.png,0,0,200,488,B
hand1_b_top_seg_5_cropped.png,0,0,201,479,B
hand1_c_bot_seg_1_cropped.png,0,0,252,315,C
hand1_c_bot_seg_2_cropped.png,0,0,253,319,C
hand1_c_bot_seg_3_cropped.png,0,0,258,321,C
hand1_c_bot_seg_4_cropped.png,0,0,253,320,C
hand1_c_bot_seg_5_cropped.png,0,0,251,316,C
hand1_c_dif_seg_1_cropped.png,0,0,333,433,C
hand1_c_dif_seg_2_cropped.png,0,0,341,431,C
hand1_c_dif_seg_3_cropped.png,0,0,343,416,C
hand1_c_dif_seg_4_cropped.png,0,0,331,406,C
hand1_c_dif_seg_5_cropped.png,0,0,322,408,C
hand1_c_left_seg_1_cropped.png,0,0,250,329,C
hand1_c_left_seg_2_cropped.png,0,0,254,333,C
hand1_c_left_seg_3_cropped.png,0,0,254,333,C
hand1_c_left_seg_4_cropped.png,0,0,255,336,C
hand1_c_left_seg_5_cropped.png,0,0,256,336,C
hand1_c_right_seg_1_cropped.png,0,0,244,320,C
hand1_c_right_seg_2_cropped.png,0,0,244,324,C
hand1_c_right_seg_3_cropped.png,0,0,251,322,C
hand1_c_right_seg_4_cropped.png,0,0,252,322,C
hand1_c_right_seg_5_cropped.png,0,0,250,322,C
hand1_c_top_seg_1_cropped.png,0,0,293,348,C
hand1_c_top_seg_2_cropped.png,0,0,291,348,C
hand1_c_top_seg_3_cropped.png,0,0,292,345,C
hand1_c_top_seg_4_cropped.png,0,0,291,348,C
hand1_c_top_seg_5_cropped.png,0,0,290,350,C
hand1_d_bot_seg_1_cropped.png,0,0,254,439,D
hand1_d_bot_seg_2_cropped.png,0,0,253,439,D
hand1_d_bot_seg_3_cropped.png,0,0,255,440,D
hand1_d_bot_seg_4_cropped.png,0,0,247,438,D
hand1_d_bot_seg_5_cropped.png,0,0,248,440,D
hand1_d_dif_seg_1_cropped.png,0,0,261,499,D
hand1_d_dif_seg_2_cropped.png,0,0,256,483,D
hand1_d_dif_seg_3_cropped.png,0,0,258,492,D
hand1_d_dif_seg_4_cropped.png,0,0,260,497,D
hand1_d_dif_seg_5_cropped.png,0,0,240,471,D
hand1_d_left_seg_1_cropped.png,0,0,222,412,D
hand1_d_left_seg_2_cropped.png,0,0,220,411,D
hand1_d_left_seg_3_cropped.png,0,0,217,407,D
hand1_d_left_seg_4_cropped.png,0,0,217,407,D
hand1_d_left_seg_5_cropped.png,0,0,216,410,D
hand1_d_right_seg_1_cropped.png,0,0,237,406,D
hand1_d_right_seg_2_cropped.png,0,0,237,408,D
hand1_d_right_seg_3_cropped.png,0,0,236,409,D
hand1_d_right_seg_4_cropped.png,0,0,233,406,D
hand1_d_right_seg_5_cropped.png,0,0,231,410,D
hand1_d_top_seg_1_cropped.png,0,0,257,453,D
hand1_d_top_seg_2_cropped.png,0,0,250,452,D
hand1_d_top_seg_3_cropped.png,0,0,247,458,D
hand1_d_top_seg_4_cropped.png,0,0,248,461,D
hand1_d_top_seg_5_cropped.png,0,0,245,465,D
hand1_e_bot_seg_1_cropped.png,0,0,232,341,E
hand1_e_bot_seg_2_cropped.png,0,0,227,342,E
hand1_e_bot_seg_3_cropped.png,0,0,227,342,E
hand1_e_bot_seg_4_cropped.png,0,0,231,342,E
hand1_e_bot_seg_5_cropped.png,0,0,234,343,E
hand1_e_dif_seg_1_cropped.png,0,0,278,412,E
hand1_e_dif_seg_2_cropped.png,0,0,279,409,E
hand1_e_dif_seg_3_cropped.png,0,0,280,413,E
hand1_e_dif_seg_4_cropped.png,0,0,273,412,E
hand1_e_dif_seg_5_cropped.png,0,0,268,403,E
hand1_e_left_seg_1_cropped.png,0,0,228,344,E
hand1_e_left_seg_2_cropped.png,0,0,229,344,E
hand1_e_left_seg_3_cropped.png,0,0,223,345,E
hand1_e_left_seg_4_cropped.png,0,0,221,345,E
hand1_e_left_seg_5_cropped.png,0,0,220,345,E
hand1_e_right_seg_1_cropped.png,0,0,236,320,E
hand1_e_right_seg_2_cropped.png,0,0,235,320,E
hand1_e_right_seg_3_cropped.png,0,0,232,321,E
hand1_e_right_seg_4_cropped.png,0,0,235,320,E
hand1_e_right_seg_5_cropped.png,0,0,235,320,E
hand1_e_top_seg_1_cropped.png,0,0,233,337,E
hand1_e_top_seg_2_cropped.png,0,0,232,337,E
hand1_e_top_seg_3_cropped.png,0,0,226,339,E
hand1_e_top_seg_4_cropped.png,0,0,233,349,E
hand1_e_top_seg_5_cropped.png,0,0,242,356,E
hand1_f_bot_seg_1_cropped.png,0,0,284,522,F
hand1_f_bot_seg_2_cropped.png,0,0,279,518,F
hand1_f_bot_seg_3_cropped.png,0,0,278,519,F
hand1_f_bot_seg_4_cropped.png,0,0,282,526,F
hand1_f_bot_seg_5_cropped.png,0,0,288,534,F
hand1_f_dif_seg_1_cropped.png,0,0,238,475,F
hand1_f_dif_seg_2_cropped.png,0,0,242,480,F
hand1_f_dif_seg_3_cropped.png,0,0,240,478,F
hand1_f_dif_seg_4_cropped.png,0,0,241,479,F
hand1_f_dif_seg_5_cropped.png,0,0,245,485,F
hand1_f_left_seg_1_cropped.png,0,0,239,485,F
hand1_f_left_seg_2_cropped.png,0,0,234,484,F
hand1_f_left_seg_3_cropped.png,0,0,231,485,F
hand1_f_left_seg_4_cropped.png,0,0,228,485,F
hand1_f_left_seg_5_cropped.png,0,0,228,485,F
hand1_f_right_seg_1_cropped.png,0,0,239,433,F
hand1_f_right_seg_2_cropped.png,0,0,240,433,F
hand1_f_right_seg_3_cropped.png,0,0,227,431,F
hand1_f_right_seg_4_cropped.png,0,0,222,431,F
hand1_f_right_seg_5_cropped.png,0,0,222,429,F
hand1_f_top_seg_1_cropped.png,0,0,246,463,F
hand1_f_top_seg_2_cropped.png,0,0,235,457,F
hand1_f_top_seg_3_cropped.png,0,0,231,457,F
hand1_f_top_seg_4_cropped.png,0,0,230,459,F
hand1_f_top_seg_5_cropped.png,0,0,225,459,F
hand1_g_bot_seg_1_cropped.png,0,0,453,246,G
hand1_g_bot_seg_2_cropped.png,0,0,456,238,G
hand1_g_bot_seg_3_cropped.png,0,0,456,240,G
hand1_g_bot_seg_4_cropped.png,0,0,451,252,G
hand1_g_bot_seg_5_cropped.png,0,0,450,242,G
hand1_g_dif_seg_1_cropped.png,0,0,435,232,G
hand1_g_dif_seg_2_cropped.png,0,0,431,230,G
hand1_g_dif_seg_3_cropped.png,0,0,432,233,G
hand1_g_dif_seg_4_cropped.png,0,0,430,232,G
hand1_g_dif_seg_5_cropped.png,0,0,414,235,G
hand1_g_left_seg_1_cropped.png,0,0,385,214,G
hand1_g_left_seg_2_cropped.png,0,0,386,214,G
hand1_g_left_seg_3_cropped.png,0,0,385,215,G
hand1_g_left_seg_4_cropped.png,0,0,384,213,G
hand1_g_left_seg_5_cropped.png,0,0,386,210,G
hand1_g_right_seg_1_cropped.png,0,0,349,196,G
hand1_g_right_seg_2_cropped.png,0,0,348,199,G
hand1_g_right_seg_3_cropped.png,0,0,344,198,G
hand1_g_right_seg_4_cropped.png,0,0,336,206,G
hand1_g_right_seg_5_cropped.png,0,0,336,206,G
hand1_g_top_seg_1_cropped.png,0,0,396,220,G
hand1_g_top_seg_2_cropped.png,0,0,397,220,G
hand1_g_top_seg_3_cropped.png,0,0,399,211,G
hand1_g_top_seg_4_cropped.png,0,0,402,208,G
hand1_g_top_seg_5_cropped.png,0,0,398,210,G
hand1_h_bot_seg_1_cropped.png,0,0,488,238,H
hand1_h_bot_seg_2_cropped.png,0,0,491,240,H
hand1_h_bot_seg_3_cropped.png,0,0,491,238,H
hand1_h_bot_seg_4_cropped.png,0,0,490,238,H
hand1_h_bot_seg_5_cropped.png,0,0,487,240,H
hand1_h_dif_seg_1_cropped.png,0,0,506,268,H
hand1_h_dif_seg_2_cropped.png,0,0,514,240,H
hand1_h_dif_seg_3_cropped.png,0,0,510,242,H
hand1_h_dif_seg_4_cropped.png,0,0,503,235,H
hand1_h_dif_seg_5_cropped.png,0,0,505,239,H
hand1_h_left_seg_1_cropped.png,0,0,447,210,H
hand1_h_left_seg_2_cropped.png,0,0,448,211,H
hand1_h_left_seg_3_cropped.png,0,0,446,212,H
hand1_h_left_seg_4_cropped.png,0,0,445,212,H
hand1_h_left_seg_5_cropped.png,0,0,444,213,H
hand1_h_right_seg_1_cropped.png,0,0,366,182,H
hand1_h_right_seg_2_cropped.png,0,0,366,182,H
hand1_h_right_seg_3_cropped.png,0,0,369,178,H
hand1_h_right_seg_4_cropped.png,0,0,369,177,H
hand1_h_right_seg_5_cropped.png,0,0,368,179,H
hand1_h_top_seg_1_cropped.png,0,0,409,200,H
hand1_h_top_seg_2_cropped.png,0,0,407,204,H
hand1_h_top_seg_3_cropped.png,0,0,405,205,H
hand1_h_top_seg_4_cropped.png,0,0,402,215,H
hand1_h_top_seg_5_cropped.png,0,0,405,192,H
hand1_i_bot_seg_1_cropped.png,0,0,247,395,I
hand1_i_bot_seg_2_cropped.png,0,0,251,395,I
hand1_i_bot_seg_3_cropped.png,0,0,251,393,I
hand1_i_bot_seg_4_cropped.png,0,0,250,391,I
hand1_i_bot_seg_5_cropped.png,0,0,254,390,I
hand1_i_dif_seg_1_cropped.png,0,0,319,466,I
hand1_i_dif_seg_2_cropped.png,0,0,324,474,I
hand1_i_dif_seg_3_cropped.png,0,0,327,474,I
hand1_i_dif_seg_4_cropped.png,0,0,328,470,I
hand1_i_dif_seg_5_cropped.png,0,0,301,488,I
hand1_i_left_seg_1_cropped.png,0,0,236,376,I
hand1_i_left_seg_2_cropped.png,0,0,236,376,I
hand1_i_left_seg_3_cropped.png,0,0,234,374,I
hand1_i_left_seg_4_cropped.png,0,0,236,374,I
hand1_i_left_seg_5_cropped.png,0,0,245,370,I
hand1_i_right_seg_1_cropped.png,0,0,261,372,I
hand1_i_right_seg_2_cropped.png,0,0,269,370,I
hand1_i_right_seg_3_cropped.png,0,0,279,369,I
hand1_i_right_seg_4_cropped.png,0,0,277,371,I
hand1_i_right_seg_5_cropped.png,0,0,240,373,I
hand1_i_top_seg_1_cropped.png,0,0,233,371,I
hand1_i_top_seg_2_cropped.png,0,0,237,368,I
hand1_i_top_seg_3_cropped.png,0,0,224,383,I
hand1_i_top_seg_4_cropped.png,0,0,225,387,I
hand1_i_top_seg_5_cropped.png,0,0,232,393,I
hand1_k_bot_seg_1_cropped.png,0,0,211,472,K
hand1_k_bot_seg_2_cropped.png,0,0,210,468,K
hand1_k_bot_seg_3_cropped.png,0,0,212,474,K
hand1_k_bot_seg_4_cropped.png,0,0,211,472,K
hand1_k_bot_seg_5_cropped.png,0,0,212,471,K
hand1_k_dif_seg_1_cropped.png,0,0,231,510,K
hand1_k_dif_seg_2_cropped.png,0,0,232,510,K
hand1_k_dif_seg_3_cropped.png,0,0,239,511,K
hand1_k_dif_seg_4_cropped.png,0,0,241,513,K
hand1_k_dif_seg_5_cropped.png,0,0,246,529,K
hand1_k_left_seg_1_cropped.png,0,0,202,471,K
hand1_k_left_seg_2_cropped.png,0,0,202,471,K
hand1_k_left_seg_3_cropped.png,0,0,202,467,K
hand1_k_left_seg_4_cropped.png,0,0,202,466,K
hand1_k_left_seg_5_cropped.png,0,0,203,466,K
hand1_k_right_seg_1_cropped.png,0,0,216,436,K
hand1_k_right_seg_2_cropped.png,0,0,216,436,K
hand1_k_right_seg_3_cropped.png,0,0,219,435,K
hand1_k_right_seg_4_cropped.png,0,0,219,437,K
hand1_k_right_seg_5_cropped.png,0,0,219,437,K
hand1_k_top_seg_1_cropped.png,0,0,215,477,K
hand1_k_top_seg_2_cropped.png,0,0,211,474,K
hand1_k_top_seg_3_cropped.png,0,0,211,474,K
hand1_k_top_seg_4_cropped.png,0,0,211,482,K
hand1_k_top_seg_5_cropped.png,0,0,214,479,K
hand1_l_bot_seg_1_cropped.png,0,0,430,491,L
hand1_l_bot_seg_2_cropped.png,0,0,431,488,L
hand1_l_bot_seg_3_cropped.png,0,0,437,506,L
hand1_l_bot_seg_4_cropped.png,0,0,423,493,L
hand1_l_bot_seg_5_cropped.png,0,0,410,474,L
hand1_l_dif_seg_1_cropped.png,0,0,398,523,L
hand1_l_dif_seg_2_cropped.png,0,0,399,529,L
hand1_l_dif_seg_3_cropped.png,0,0,384,535,L
hand1_l_dif_seg_4_cropped.png,0,0,397,563,L
hand1_l_dif_seg_5_cropped.png,0,0,353,464,L
hand1_l_left_seg_1_cropped.png,0,0,388,510,L
hand1_l_left_seg_2_cropped.png,0,0,386,513,L
hand1_l_left_seg_3_cropped.png,0,0,373,507,L
hand1_l_left_seg_4_cropped.png,0,0,372,506,L
hand1_l_left_seg_5_cropped.png,0,0,363,503,L
hand1_l_right_seg_1_cropped.png,0,0,385,455,L
hand1_l_right_seg_2_cropped.png,0,0,385,454,L
hand1_l_right_seg_3_cropped.png,0,0,382,446,L
hand1_l_right_seg_4_cropped.png,0,0,383,447,L
hand1_l_right_seg_5_cropped.png,0,0,378,442,L
hand1_l_top_seg_1_cropped.png,0,0,383,487,L
hand1_l_top_seg_2_cropped.png,0,0,381,485,L
hand1_l_top_seg_3_cropped.png,0,0,382,489,L
hand1_l_top_seg_4_cropped.png,0,0,400,531,L
hand1_l_top_seg_5_cropped.png,0,0,406,553,L
hand1_m_bot_seg_1_cropped.png,0,0,219,293,M
hand1_m_bot_seg_2_cropped.png,0,0,218,293,M
hand1_m_bot_seg_3_cropped.png,0,0,219,293,M
hand1_m_bot_seg_4_cropped.png,0,0,220,293,M
hand1_m_bot_seg_5_cropped.png,0,0,222,296,M
hand1_m_dif_seg_1_cropped.png,0,0,280,401,M
hand1_m_dif_seg_2_cropped.png,0,0,278,401,M
hand1_m_dif_seg_3_cropped.png,0,0,285,404,M
hand1_m_dif_seg_4_cropped.png,0,0,274,401,M
hand1_m_dif_seg_5_cropped.png,0,0,283,404,M
hand1_m_left_seg_1_cropped.png,0,0,221,320,M
hand1_m_left_seg_2_cropped.png,0,0,220,319,M
hand1_m_left_seg_3_cropped.png,0,0,223,321,M
hand1_m_left_seg_4_cropped.png,0,0,223,321,M
hand1_m_left_seg_5_cropped.png,0,0,223,322,M
hand1_m_right_seg_1_cropped.png,0,0,196,316,M
hand1_m_right_seg_2_cropped.png,0,0,196,316,M
hand1_m_right_seg_3_cropped.png,0,0,201,316,M
hand1_m_right_seg_4_cropped.png,0,0,205,317,M
hand1_m_right_seg_5_cropped.png,0,0,205,317,M
hand1_m_top_seg_1_cropped.png,0,0,216,337,M
hand1_m_top_seg_2_cropped.png,0,0,221,341,M
hand1_m_top_seg_3_cropped.png,0,0,225,345,M
hand1_m_top_seg_4_cropped.png,0,0,234,351,M
hand1_m_top_seg_5_cropped.png,0,0,227,356,M
hand1_n_bot_seg_1_cropped.png,0,0,222,298,N
hand1_n_bot_seg_2_cropped.png,0,0,223,298,N
hand1_n_bot_seg_3_cropped.png,0,0,218,298,N
hand1_n_bot_seg_4_cropped.png,0,0,216,297,N
hand1_n_bot_seg_5_cropped.png,0,0,216,297,N
hand1_n_dif_seg_1_cropped.png,0,0,290,378,N
hand1_n_dif_seg_2_cropped.png,0,0,292,380,N
hand1_n_dif_seg_3_cropped.png,0,0,284,377,N
hand1_n_dif_seg_4_cropped.png,0,0,294,388,N
hand1_n_dif_seg_5_cropped.png,0,0,299,394,N
hand1_n_left_seg_1_cropped.png,0,0,215,309,N
hand1_n_left_seg_2_cropped.png,0,0,215,310,N
hand1_n_left_seg_3_cropped.png,0,0,220,311,N
hand1_n_left_seg_4_cropped.png,0,0,221,311,N
hand1_n_left_seg_5_cropped.png,0,0,220,311,N
hand1_n_right_seg_1_cropped.png,0,0,193,295,N
hand1_n_right_seg_2_cropped.png,0,0,192,293,N
hand1_n_right_seg_3_cropped.png,0,0,195,293,N
hand1_n_right_seg_4_cropped.png,0,0,196,293,N
hand1_n_right_seg_5_cropped.png,0,0,193,295,N
hand1_n_top_seg_1_cropped.png,0,0,228,339,N
hand1_n_top_seg_2_cropped.png,0,0,232,343,N
hand1_n_top_seg_3_cropped.png,0,0,234,346,N
hand1_n_top_seg_4_cropped.png,0,0,241,352,N
hand1_n_top_seg_5_cropped.png,0,0,247,350,N
hand1_o_bot_seg_1_cropped.png,0,0,210,338,O
hand1_o_bot_seg_2_cropped.png,0,0,211,336,O
hand1_o_bot_seg_3_cropped.png,0,0,212,338,O
hand1_o_bot_seg_4_cropped.png,0,0,213,344,O
hand1_o_bot_seg_5_cropped.png,0,0,216,343,O
hand1_o_dif_seg_1_cropped.png,0,0,242,391,O
hand1_o_dif_seg_2_cropped.png,0,0,242,390,O
hand1_o_dif_seg_3_cropped.png,0,0,251,392,O
hand1_o_dif_seg_4_cropped.png,0,0,242,394,O
hand1_o_dif_seg_5_cropped.png,0,0,244,395,O
hand1_o_left_seg_1_cropped.png,0,0,248,390,O
hand1_o_left_seg_2_cropped.png,0,0,247,390,O
hand1_o_left_seg_3_cropped.png,0,0,247,384,O
hand1_o_left_seg_4_cropped.png,0,0,247,388,O
hand1_o_left_seg_5_cropped.png,0,0,247,388,O
hand1_o_right_seg_1_cropped.png,0,0,195,304,O
hand1_o_right_seg_2_cropped.png,0,0,196,304,O
hand1_o_right_seg_3_cropped.png,0,0,199,304,O
hand1_o_right_seg_4_cropped.png,0,0,198,304,O
hand1_o_right_seg_5_cropped.png,0,0,201,304,O
hand1_o_top_seg_1_cropped.png,0,0,234,326,O
hand1_o_top_seg_2_cropped.png,0,0,233,326,O
hand1_o_top_seg_3_cropped.png,0,0,233,322,O
hand1_o_top_seg_4_cropped.png,0,0,238,331,O
hand1_o_top_seg_5_cropped.png,0,0,231,329,O
hand1_p_bot_seg_1_cropped.png,0,0,418,269,P
hand1_p_bot_seg_2_cropped.png,0,0,419,268,P
hand1_p_bot_seg_3_cropped.png,0,0,419,268,P
hand1_p_bot_seg_4_cropped.png,0,0,419,268,P
hand1_p_bot_seg_5_cropped.png,0,0,429,265,P
hand1_p_dif_seg_1_cropped.png,0,0,484,260,P
hand1_p_dif_seg_2_cropped.png,0,0,474,250,P
hand1_p_dif_seg_3_cropped.png,0,0,488,260,P
hand1_p_dif_seg_4_cropped.png,0,0,490,230,P
hand1_p_dif_seg_5_cropped.png,0,0,493,232,P
hand1_p_left_seg_1_cropped.png,0,0,462,305,P
hand1_p_left_seg_2_cropped.png,0,0,463,302,P
hand1_p_left_seg_3_cropped.png,0,0,463,304,P
hand1_p_left_seg_4_cropped.png,0,0,460,304,P
hand1_p_left_seg_5_cropped.png,0,0,460,304,P
hand1_p_right_seg_1_cropped.png,0,0,386,246,P
hand1_p_right_seg_2_cropped.png,0,0,389,246,P
hand1_p_right_seg_3_cropped.png,0,0,388,247,P
hand1_p_right_seg_4_cropped.png,0,0,388,247,P
hand1_p_right_seg_5_cropped.png,0,0,392,246,P
hand1_p_top_seg_1_cropped.png,0,0,383,235,P
hand1_p_top_seg_2_cropped.png,0,0,387,237,P
hand1_p_top_seg_3_cropped.png,0,0,387,238,P
hand1_p_top_seg_4_cropped.png,0,0,387,238,P
hand1_p_top_seg_5_cropped.png,0,0,384,238,P
hand1_q_bot_seg_1_cropped.png,0,0,305,320,Q
hand1_q_bot_seg_2_cropped.png,0,0,305,323,Q
hand1_q_bot_seg_3_cropped.png,0,0,301,325,Q
hand1_q_bot_seg_4_cropped.png,0,0,307,317,Q
hand1_q_bot_seg_5_cropped.png,0,0,313,310,Q
hand1_q_dif_seg_1_cropped.png,0,0,336,309,Q
hand1_q_dif_seg_2_cropped.png,0,0,335,306,Q
hand1_q_dif_seg_3_cropped.png,0,0,338,305,Q
hand1_q_dif_seg_4_cropped.png,0,0,343,299,Q
hand1_q_dif_seg_5_cropped.png,0,0,335,304,Q
hand1_q_left_seg_1_cropped.png,0,0,304,317,Q
hand1_q_left_seg_2_cropped.png,0,0,306,318,Q
hand1_q_left_seg_3_cropped.png,0,0,305,308,Q
hand1_q_left_seg_4_cropped.png,0,0,307,308,Q
hand1_q_left_seg_5_cropped.png,0,0,309,308,Q
hand1_q_right_seg_1_cropped.png,0,0,297,238,Q
hand1_q_right_seg_2_cropped.png,0,0,295,239,Q
hand1_q_right_seg_3_cropped.png,0,0,287,246,Q
hand1_q_right_seg_4_cropped.png,0,0,273,262,Q
hand1_q_right_seg_5_cropped.png,0,0,273,260,Q
hand1_q_top_seg_1_cropped.png,0,0,242,281,Q
hand1_q_top_seg_2_cropped.png,0,0,247,270,Q
hand1_q_top_seg_3_cropped.png,0,0,248,268,Q
hand1_q_top_seg_4_cropped.png,0,0,258,259,Q
hand1_q_top_seg_5_cropped.png,0,0,268,253,Q
hand1_r_bot_seg_1_cropped.png,0,0,244,503,R
hand1_r_bot_seg_2_cropped.png,0,0,244,509,R
hand1_r_bot_seg_3_cropped.png,0,0,244,509,R
hand1_r_bot_seg_4_cropped.png,0,0,249,516,R
hand1_r_bot_seg_5_cropped.png,0,0,249,516,R
hand1_r_dif_seg_1_cropped.png,0,0,196,485,R
hand1_r_dif_seg_2_cropped.png,0,0,198,493,R
hand1_r_dif_seg_3_cropped.png,0,0,199,493,R
hand1_r_dif_seg_4_cropped.png,0,0,200,492,R
hand1_r_dif_seg_5_cropped.png,0,0,198,486,R
hand1_r_left_seg_1_cropped.png,0,0,181,456,R
hand1_r_left_seg_2_cropped.png,0,0,180,457,R
hand1_r_left_seg_3_cropped.png,0,0,179,459,R
hand1_r_left_seg_4_cropped.png,0,0,180,458,R
hand1_r_left_seg_5_cropped.png,0,0,179,458,R
hand1_r_right_seg_1_cropped.png,0,0,224,470,R
hand1_r_right_seg_2_cropped.png,0,0,224,469,R
hand1_r_right_seg_3_cropped.png,0,0,224,469,R
hand1_r_right_seg_4_cropped.png,0,0,226,470,R
hand1_r_right_seg_5_cropped.png,0,0,223,468,R
hand1_r_top_seg_1_cropped.png,0,0,193,481,R
hand1_r_top_seg_2_cropped.png,0,0,194,482,R
hand1_r_top_seg_3_cropped.png,0,0,195,483,R
hand1_r_top_seg_4_cropped.png,0,0,198,493,R
hand1_r_top_seg_5_cropped.png,0,0,199,497,R
hand1_s_bot_seg_1_cropped.png,0,0,269,318,S
hand1_s_bot_seg_2_cropped.png,0,0,267,317,S
hand1_s_bot_seg_3_cropped.png,0,0,265,317,S
hand1_s_bot_seg_4_cropped.png,0,0,268,317,S
hand1_s_bot_seg_5_cropped.png,0,0,264,317,S
hand1_s_dif_seg_1_cropped.png,0,0,290,361,S
hand1_s_dif_seg_2_cropped.png,0,0,286,364,S
hand1_s_dif_seg_3_cropped.png,0,0,280,365,S
hand1_s_dif_seg_4_cropped.png,0,0,281,365,S
hand1_s_dif_seg_5_cropped.png,0,0,289,357,S
hand1_s_left_seg_1_cropped.png,0,0,241,349,S
hand1_s_left_seg_2_cropped.png,0,0,242,351,S
hand1_s_left_seg_3_cropped.png,0,0,229,351,S
hand1_s_left_seg_4_cropped.png,0,0,230,352,S
hand1_s_left_seg_5_cropped.png,0,0,231,352,S
hand1_s_right_seg_1_cropped.png,0,0,211,291,S
hand1_s_right_seg_2_cropped.png,0,0,212,294,S
hand1_s_right_seg_3_cropped.png,0,0,212,294,S
hand1_s_right_seg_4_cropped.png,0,0,212,295,S
hand1_s_right_seg_5_cropped.png,0,0,207,294,S
hand1_s_top_seg_1_cropped.png,0,0,256,352,S
hand1_s_top_seg_2_cropped.png,0,0,243,363,S
hand1_s_top_seg_3_cropped.png,0,0,243,367,S
hand1_s_top_seg_4_cropped.png,0,0,250,363,S
hand1_s_top_seg_5_cropped.png,0,0,273,381,S
hand1_t_bot_seg_1_cropped.png,0,0,300,384,T
hand1_t_bot_seg_2_cropped.png,0,0,301,386,T
hand1_t_bot_seg_3_cropped.png,0,0,305,391,T
hand1_t_bot_seg_4_cropped.png,0,0,303,390,T
hand1_t_bot_seg_5_cropped.png,0,0,300,389,T
hand1_t_dif_seg_1_cropped.png,0,0,291,391,T
hand1_t_dif_seg_2_cropped.png,0,0,288,396,T
hand1_t_dif_seg_3_cropped.png,0,0,285,400,T
hand1_t_dif_seg_4_cropped.png,0,0,286,387,T
hand1_t_dif_seg_5_cropped.png,0,0,283,384,T
hand1_t_left_seg_1_cropped.png,0,0,249,362,T
hand1_t_left_seg_2_cropped.png,0,0,246,366,T
hand1_t_left_seg_3_cropped.png,0,0,240,366,T
hand1_t_left_seg_4_cropped.png,0,0,252,360,T
hand1_t_left_seg_5_cropped.png,0,0,252,361,T
hand1_t_right_seg_1_cropped.png,0,0,253,330,T
hand1_t_right_seg_2_cropped.png,0,0,254,329,T
hand1_t_right_seg_3_cropped.png,0,0,257,326,T
hand1_t_right_seg_4_cropped.png,0,0,258,330,T
hand1_t_right_seg_5_cropped.png,0,0,257,329,T
hand1_t_top_seg_1_cropped.png,0,0,270,389,T
hand1_t_top_seg_2_cropped.png,0,0,267,389,T
hand1_t_top_seg_3_cropped.png,0,0,266,400,T
hand1_t_top_seg_4_cropped.png,0,0,276,407,T
hand1_t_top_seg_5_cropped.png,0,0,284,415,T
hand1_u_bot_seg_1_cropped.png,0,0,225,463,U
hand1_u_bot_seg_2_cropped.png,0,0,222,458,U
hand1_u_bot_seg_3_cropped.png,0,0,224,464,U
hand1_u_bot_seg_4_cropped.png,0,0,225,468,U
hand1_u_bot_seg_5_cropped.png,0,0,226,466,U
hand1_u_dif_seg_1_cropped.png,0,0,198,485,U
hand1_u_dif_seg_2_cropped.png,0,0,196,482,U
hand1_u_dif_seg_3_cropped.png,0,0,205,464,U
hand1_u_dif_seg_4_cropped.png,0,0,204,462,U
hand1_u_dif_seg_5_cropped.png,0,0,204,455,U
hand1_u_left_seg_1_cropped.png,0,0,188,471,U
hand1_u_left_seg_2_cropped.png,0,0,187,471,U
hand1_u_left_seg_3_cropped.png,0,0,187,478,U
hand1_u_left_seg_4_cropped.png,0,0,187,477,U
hand1_u_left_seg_5_cropped.png,0,0,189,479,U
hand1_u_right_seg_1_cropped.png,0,0,228,556,U
hand1_u_right_seg_2_cropped.png,0,0,200,491,U
hand1_u_right_seg_3_cropped.png,0,0,200,490,U
hand1_u_right_seg_4_cropped.png,0,0,207,486,U
hand1_u_right_seg_5_cropped.png,0,0,206,486,U
hand1_u_top_seg_1_cropped.png,0,0,254,543,U
hand1_u_top_seg_2_cropped.png,0,0,246,540,U
hand1_u_top_seg_3_cropped.png,0,0,248,545,U
hand1_u_top_seg_4_cropped.png,0,0,243,545,U
hand1_u_top_seg_5_cropped.png,0,0,243,554,U
hand1_v_bot_seg_1_cropped.png,0,0,219,441,V
hand1_v_bot_seg_2_cropped.png,0,0,219,441,V
hand1_v_bot_seg_3_cropped.png,0,0,224,442,V
hand1_v_bot_seg_4_cropped.png,0,0,221,443,V
hand1_v_bot_seg_5_cropped.png,0,0,220,444,V
hand1_v_dif_seg_1_cropped.png,0,0,195,466,V
hand1_v_dif_seg_2_cropped.png,0,0,196,461,V
hand1_v_dif_seg_3_cropped.png,0,0,212,458,V
hand1_v_dif_seg_4_cropped.png,0,0,207,459,V
hand1_v_dif_seg_5_cropped.png,0,0,199,462,V
hand1_v_left_seg_1_cropped.png,0,0,232,481,V
hand1_v_left_seg_2_cropped.png,0,0,229,482,V
hand1_v_left_seg_3_cropped.png,0,0,239,494,V
hand1_v_left_seg_4_cropped.png,0,0,234,493,V
hand1_v_left_seg_5_cropped.png,0,0,232,494,V
hand1_v_right_seg_1_cropped.png,0,0,204,432,V
hand1_v_right_seg_2_cropped.png,0,0,203,433,V
hand1_v_right_seg_3_cropped.png,0,0,196,428,V
hand1_v_right_seg_4_cropped.png,0,0,192,430,V
hand1_v_right_seg_5_cropped.png,0,0,193,430,V
hand1_v_top_seg_1_cropped.png,0,0,236,498,V
hand1_v_top_seg_2_cropped.png,0,0,230,496,V
hand1_v_top_seg_3_cropped.png,0,0,236,502,V
hand1_v_top_seg_4_cropped.png,0,0,235,506,V
hand1_v_top_seg_5_cropped.png,0,0,240,511,V
hand1_w_bot_seg_1_cropped.png,0,0,190,436,W
hand1_w_bot_seg_2_cropped.png,0,0,190,437,W
hand1_w_bot_seg_3_cropped.png,0,0,207,438,W
hand1_w_bot_seg_4_cropped.png,0,0,200,437,W
hand1_w_bot_seg_5_cropped.png,0,0,195,440,W
hand1_w_dif_seg_1_cropped.png,0,0,191,456,W
hand1_w_dif_seg_2_cropped.png,0,0,187,456,W
hand1_w_dif_seg_3_cropped.png,0,0,203,460,W
hand1_w_dif_seg_4_cropped.png,0,0,201,466,W
hand1_w_dif_seg_5_cropped.png,0,0,193,449,W
hand1_w_left_seg_1_cropped.png,0,0,203,442,W
hand1_w_left_seg_2_cropped.png,0,0,201,442,W
hand1_w_left_seg_3_cropped.png,0,0,195,440,W
hand1_w_left_seg_4_cropped.png,0,0,192,440,W
hand1_w_left_seg_5_cropped.png,0,0,191,434,W
hand1_w_right_seg_1_cropped.png,0,0,189,412,W
hand1_w_right_seg_2_cropped.png,0,0,189,412,W
hand1_w_right_seg_3_cropped.png,0,0,187,411,W
hand1_w_right_seg_4_cropped.png,0,0,187,410,W
hand1_w_right_seg_5_cropped.png,0,0,187,411,W
hand1_w_top_seg_1_cropped.png,0,0,201,481,W
hand1_w_top_seg_2_cropped.png,0,0,198,481,W
hand1_w_top_seg_3_cropped.png,0,0,201,487,W
hand1_w_top_seg_4_cropped.png,0,0,195,488,W
hand1_w_top_seg_5_cropped.png,0,0,199,492,W
hand1_x_bot_seg_1_cropped.png,0,0,204,352,X
hand1_x_bot_seg_2_cropped.png,0,0,204,350,X
hand1_x_bot_seg_3_cropped.png,0,0,203,355,X
hand1_x_bot_seg_4_cropped.png,0,0,204,356,X
hand1_x_bot_seg_5_cropped.png,0,0,201,354,X
hand1_x_dif_seg_1_cropped.png,0,0,203,353,X
hand1_x_dif_seg_2_cropped.png,0,0,203,354,X
hand1_x_dif_seg_3_cropped.png,0,0,199,351,X
hand1_x_dif_seg_4_cropped.png,0,0,202,354,X
hand1_x_dif_seg_5_cropped.png,0,0,202,347,X
hand1_x_left_seg_1_cropped.png,0,0,199,385,X
hand1_x_left_seg_2_cropped.png,0,0,195,385,X
hand1_x_left_seg_3_cropped.png,0,0,193,385,X
hand1_x_left_seg_4_cropped.png,0,0,204,383,X
hand1_x_left_seg_5_cropped.png,0,0,203,383,X
hand1_x_right_seg_1_cropped.png,0,0,197,346,X
hand1_x_right_seg_2_cropped.png,0,0,198,349,X
hand1_x_right_seg_3_cropped.png,0,0,198,348,X
hand1_x_right_seg_4_cropped.png,0,0,198,345,X
hand1_x_right_seg_5_cropped.png,0,0,199,347,X
hand1_x_top_seg_1_cropped.png,0,0,233,388,X
hand1_x_top_seg_2_cropped.png,0,0,226,387,X
hand1_x_top_seg_3_cropped.png,0,0,226,387,X
hand1_x_top_seg_4_cropped.png,0,0,225,389,X
hand1_x_top_seg_5_cropped.png,0,0,228,380,X
hand1_y_bot_seg_1_cropped.png,0,0,360,323,Y
hand1_y_bot_seg_2_cropped.png,0,0,361,321,Y
hand1_y_bot_seg_3_cropped.png,0,0,368,317,Y
hand1_y_bot_seg_4_cropped.png,0,0,366,318,Y
hand1_y_bot_seg_5_cropped.png,0,0,362,317,Y
hand1_y_dif_seg_1_cropped.png,0,0,429,409,Y
hand1_y_dif_seg_2_cropped.png,0,0,440,407,Y
hand1_y_dif_seg_3_cropped.png,0,0,400,412,Y
hand1_y_dif_seg_4_cropped.png,0,0,378,405,Y
hand1_y_dif_seg_5_cropped.png,0,0,402,409,Y
hand1_y_left_seg_1_cropped.png,0,0,365,368,Y
hand1_y_left_seg_2_cropped.png,0,0,364,368,Y
hand1_y_left_seg_3_cropped.png,0,0,364,369,Y
hand1_y_left_seg_4_cropped.png,0,0,366,372,Y
hand1_y_left_seg_5_cropped.png,0,0,366,370,Y
hand1_y_right_seg_1_cropped.png,0,0,361,344,Y
hand1_y_right_seg_2_cropped.png,0,0,360,346,Y
hand1_y_right_seg_3_cropped.png,0,0,361,345,Y
hand1_y_right_seg_4_cropped.png,0,0,358,344,Y
hand1_y_right_seg_5_cropped.png,0,0,359,344,Y
hand1_y_top_seg_1_cropped.png,0,0,344,338,Y
hand1_y_top_seg_2_cropped.png,0,0,340,329,Y
hand1_y_top_seg_3_cropped.png,0,0,339,326,Y
hand1_y_top_seg_4_cropped.png,0,0,352,327,Y
hand1_y_top_seg_5_cropped.png,0,0,379,333,Y
hand2_a_bot_seg_1_cropped.png,0,0,281,369,A
hand2_a_bot_seg_2_cropped.png,0,0,283,371,A
hand2_a_bot_seg_3_cropped.png,0,0,287,367,A
hand2_a_bot_seg_4_cropped.png,0,0,290,381,A
hand2_a_bot_seg_5_cropped.png,0,0,290,376,A
hand2_a_dif_seg_1_cropped.png,0,0,250,349,A
hand2_a_dif_seg_2_cropped.png,0,0,247,358,A
hand2_a_dif_seg_3_cropped.png,0,0,252,352,A
hand2_a_dif_seg_4_cropped.png,0,0,257,353,A
hand2_a_dif_seg_5_cropped.png,0,0,259,354,A
hand2_a_left_seg_1_cropped.png,0,0,240,316,A
hand2_a_left_seg_2_cropped.png,0,0,235,315,A
hand2_a_left_seg_3_cropped.png,0,0,240,316,A
hand2_a_left_seg_4_cropped.png,0,0,241,316,A
hand2_a_left_seg_5_cropped.png,0,0,237,316,A
hand2_a_right_seg_1_cropped.png,0,0,275,358,A
hand2_a_right_seg_2_cropped.png,0,0,276,360,A
hand2_a_right_seg_3_cropped.png,0,0,276,363,A
hand2_a_right_seg_4_cropped.png,0,0,276,363,A
hand2_a_right_seg_5_cropped.png,0,0,276,362,A
hand2_a_top_seg_1_cropped.png,0,0,261,376,A
hand2_a_top_seg_2_cropped.png,0,0,256,373,A
hand2_a_top_seg_3_cropped.png,0,0,258,376,A
hand2_a_top_seg_4_cropped.png,0,0,259,372,A
hand2_a_top_seg_5_cropped.png,0,0,262,372,A
hand2_b_bot_seg_1_cropped.png,0,0,213,479,B
hand2_b_bot_seg_2_cropped.png,0,0,212,482,B
hand2_b_bot_seg_3_cropped.png,0,0,219,490,B
hand2_b_bot_seg_4_cropped.png,0,0,220,495,B
hand2_b_bot_seg_5_cropped.png,0,0,222,500,B
hand2_b_dif_seg_1_cropped.png,0,0,200,452,B
hand2_b_dif_seg_2_cropped.png,0,0,202,459,B
hand2_b_dif_seg_3_cropped.png,0,0,201,457,B
hand2_b_dif_seg_4_cropped.png,0,0,201,457,B
hand2_b_dif_seg_5_cropped.png,0,0,204,469,B
hand2_b_left_seg_1_cropped.png,0,0,206,448,B
hand2_b_left_seg_2_cropped.png,0,0,206,453,B
hand2_b_left_seg_3_cropped.png,0,0,206,455,B
hand2_b_left_seg_4_cropped.png,0,0,206,445,B
hand2_b_left_seg_5_cropped.png,0,0,207,451,B
hand2_b_right_seg_1_cropped.png,0,0,217,479,B
hand2_b_right_seg_2_cropped.png,0,0,219,479,B
hand2_b_right_seg_3_cropped.png,0,0,221,485,B
hand2_b_right_seg_4_cropped.png,0,0,221,486,B
hand2_b_right_seg_5_cropped.png,0,0,221,489,B
hand2_b_top_seg_1_cropped.png,0,0,214,471,B
hand2_b_top_seg_2_cropped.png,0,0,213,472,B
hand2_b_top_seg_3_cropped.png,0,0,213,474,B
hand2_b_top_seg_4_cropped.png,0,0,214,464,B
hand2_b_top_seg_5_cropped.png,0,0,213,471,B
hand2_c_bot_seg_1_cropped.png,0,0,314,339,C
hand2_c_bot_seg_2_cropped.png,0,0,305,352,C
hand2_c_bot_seg_3_cropped.png,0,0,309,356,C
hand2_c_bot_seg_4_cropped.png,0,0,297,364,C
hand2_c_bot_seg_5_cropped.png,0,0,309,355,C
hand2_c_dif_seg_1_cropped.png,0,0,284,338,C
hand2_c_dif_seg_2_cropped.png,0,0,293,322,C
hand2_c_dif_seg_3_cropped.png,0,0,288,317,C
hand2_c_dif_seg_4_cropped.png,0,0,293,319,C
hand2_c_dif_seg_5_cropped.png,0,0,303,305,C
hand2_c_left_seg_1_cropped.png,0,0,317,328,C
hand2_c_left_seg_2_cropped.png,0,0,306,336,C
hand2_c_left_seg_3_cropped.png,0,0,305,337,C
hand2_c_left_seg_4_cropped.png,0,0,301,332,C
hand2_c_left_seg_5_cropped.png,0,0,305,328,C
hand2_c_right_seg_1_cropped.png,0,0,306,292,C
hand2_c_right_seg_2_cropped.png,0,0,304,297,C
hand2_c_right_seg_3_cropped.png,0,0,311,296,C
hand2_c_right_seg_4_cropped.png,0,0,312,296,C
hand2_c_right_seg_5_cropped.png,0,0,313,297,C
hand2_c_top_seg_1_cropped.png,0,0,229,307,C
hand2_c_top_seg_2_cropped.png,0,0,232,310,C
hand2_c_top_seg_3_cropped.png,0,0,220,323,C
hand2_c_top_seg_4_cropped.png,0,0,234,325,C
hand2_c_top_seg_5_cropped.png,0,0,239,318,C
hand2_d_bot_seg_1_cropped.png,0,0,261,490,D
hand2_d_bot_seg_2_cropped.png,0,0,260,494,D
hand2_d_bot_seg_3_cropped.png,0,0,258,495,D
hand2_d_bot_seg_4_cropped.png,0,0,259,499,D
hand2_d_bot_seg_5_cropped.png,0,0,259,504,D
hand2_d_dif_seg_1_cropped.png,0,0,239,463,D
hand2_d_dif_seg_2_cropped.png,0,0,248,465,D
hand2_d_dif_seg_3_cropped.png,0,0,234,443,D
hand2_d_dif_seg_4_cropped.png,0,0,235,441,D
hand2_d_dif_seg_5_cropped.png,0,0,237,450,D
hand2_d_left_seg_1_cropped.png,0,0,255,464,D
hand2_d_left_seg_2_cropped.png,0,0,257,464,D
hand2_d_left_seg_3_cropped.png,0,0,247,459,D
hand2_d_left_seg_4_cropped.png,0,0,259,467,D
hand2_d_left_seg_5_cropped.png,0,0,262,469,D
hand2_d_right_seg_1_cropped.png,0,0,261,457,D
hand2_d_right_seg_2_cropped.png,0,0,261,458,D
hand2_d_right_seg_3_cropped.png,0,0,260,457,D
hand2_d_right_seg_4_cropped.png,0,0,257,460,D
hand2_d_right_seg_5_cropped.png,0,0,258,462,D
hand2_d_top_seg_1_cropped.png,0,0,248,470,D
hand2_d_top_seg_2_cropped.png,0,0,247,469,D
hand2_d_top_seg_3_cropped.png,0,0,230,468,D
hand2_d_top_seg_4_cropped.png,0,0,245,468,D
hand2_d_top_seg_5_cropped.png,0,0,241,471,D
hand2_e_bot_seg_1_cropped.png,0,0,219,336,E
hand2_e_bot_seg_2_cropped.png,0,0,224,342,E
hand2_e_bot_seg_3_cropped.png,0,0,225,347,E
hand2_e_bot_seg_4_cropped.png,0,0,226,351,E
hand2_e_bot_seg_5_cropped.png,0,0,227,358,E
hand2_e_dif_seg_1_cropped.png,0,0,232,382,E
hand2_e_dif_seg_2_cropped.png,0,0,229,387,E
hand2_e_dif_seg_3_cropped.png,0,0,241,389,E
hand2_e_dif_seg_4_cropped.png,0,0,239,392,E
hand2_e_dif_seg_5_cropped.png,0,0,238,397,E
hand2_e_left_seg_1_cropped.png,0,0,256,395,E
hand2_e_left_seg_2_cropped.png,0,0,253,386,E
hand2_e_left_seg_3_cropped.png,0,0,251,390,E
hand2_e_left_seg_4_cropped.png,0,0,248,391,E
hand2_e_left_seg_5_cropped.png,0,0,255,385,E
hand2_e_right_seg_1_cropped.png,0,0,233,349,E
hand2_e_right_seg_2_cropped.png,0,0,232,349,E
hand2_e_right_seg_3_cropped.png,0,0,232,349,E
hand2_e_right_seg_4_cropped.png,0,0,234,348,E
hand2_e_right_seg_5_cropped.png,0,0,233,342,E
hand2_e_top_seg_1_cropped.png,0,0,227,327,E
hand2_e_top_seg_2_cropped.png,0,0,226,326,E
hand2_e_top_seg_3_cropped.png,0,0,229,331,E
hand2_e_top_seg_4_cropped.png,0,0,227,326,E
hand2_e_top_seg_5_cropped.png,0,0,223,328,E
hand2_f_bot_seg_1_cropped.png,0,0,233,463,F
hand2_f_bot_seg_2_cropped.png,0,0,230,466,F
hand2_f_bot_seg_3_cropped.png,0,0,230,468,F
hand2_f_bot_seg_4_cropped.png,0,0,229,468,F
hand2_f_bot_seg_5_cropped.png,0,0,230,468,F
hand2_f_dif_seg_1_cropped.png,0,0,233,440,F
hand2_f_dif_seg_2_cropped.png,0,0,227,436,F
hand2_f_dif_seg_3_cropped.png,0,0,222,426,F
hand2_f_dif_seg_4_cropped.png,0,0,218,436,F
hand2_f_dif_seg_5_cropped.png,0,0,227,432,F
hand2_f_left_seg_1_cropped.png,0,0,262,475,F
hand2_f_left_seg_2_cropped.png,0,0,262,474,F
hand2_f_left_seg_3_cropped.png,0,0,251,476,F
hand2_f_left_seg_4_cropped.png,0,0,264,469,F
hand2_f_left_seg_5_cropped.png,0,0,246,477,F
hand2_f_right_seg_1_cropped.png,0,0,263,475,F
hand2_f_right_seg_2_cropped.png,0,0,263,474,F
hand2_f_right_seg_3_cropped.png,0,0,259,478,F
hand2_f_right_seg_4_cropped.png,0,0,257,478,F
hand2_f_right_seg_5_cropped.png,0,0,255,478,F
hand2_f_top_seg_1_cropped.png,0,0,232,476,F
hand2_f_top_seg_2_cropped.png,0,0,230,480,F
hand2_f_top_seg_3_cropped.png,0,0,236,483,F
hand2_f_top_seg_4_cropped.png,0,0,222,486,F
hand2_f_top_seg_5_cropped.png,0,0,221,476,F
hand2_g_bot_seg_1_cropped.png,0,0,402,243,G
hand2_g_bot_seg_2_cropped.png,0,0,405,235,G
hand2_g_bot_seg_3_cropped.png,0,0,406,236,G
hand2_g_bot_seg_4_cropped.png,0,0,401,238,G
hand2_g_bot_seg_5_cropped.png,0,0,406,233,G
hand2_g_dif_seg_1_cropped.png,0,0,451,251,G
hand2_g_dif_seg_2_cropped.png,0,0,434,249,G
hand2_g_dif_seg_3_cropped.png,0,0,428,258,G
hand2_g_dif_seg_4_cropped.png,0,0,439,243,G
hand2_g_dif_seg_5_cropped.png,0,0,423,251,G
hand2_g_left_seg_1_cropped.png,0,0,419,228,G
hand2_g_left_seg_2_cropped.png,0,0,422,231,G
hand2_g_left_seg_3_cropped.png,0,0,423,228,G
hand2_g_left_seg_4_cropped.png,0,0,423,229,G
hand2_g_left_seg_5_cropped.png,0,0,428,224,G
hand2_g_right_seg_1_cropped.png,0,0,436,264,G
hand2_g_right_seg_2_cropped.png,0,0,436,262,G
hand2_g_right_seg_3_cropped.png,0,0,437,265,G
hand2_g_right_seg_4_cropped.png,0,0,439,262,G
hand2_g_right_seg_5_cropped.png,0,0,437,261,G
hand2_g_top_seg_1_cropped.png,0,0,432,226,G
hand2_g_top_seg_2_cropped.png,0,0,433,232,G
hand2_g_top_seg_3_cropped.png,0,0,428,232,G
hand2_g_top_seg_4_cropped.png,0,0,426,238,G
hand2_g_top_seg_5_cropped.png,0,0,427,232,G
hand2_h_bot_seg_1_cropped.png,0,0,478,226,H
hand2_h_bot_seg_2_cropped.png,0,0,471,236,H
hand2_h_bot_seg_3_cropped.png,0,0,477,230,H
hand2_h_bot_seg_4_cropped.png,0,0,476,232,H
hand2_h_bot_seg_5_cropped.png,0,0,479,227,H
hand2_h_dif_seg_1_cropped.png,0,0,475,243,H
hand2_h_dif_seg_2_cropped.png,0,0,475,254,H
hand2_h_dif_seg_3_cropped.png,0,0,478,254,H
hand2_h_dif_seg_4_cropped.png,0,0,481,245,H
hand2_h_dif_seg_5_cropped.png,0,0,474,244,H
hand2_h_left_seg_1_cropped.png,0,0,475,231,H
hand2_h_left_seg_2_cropped.png,0,0,478,231,H
hand2_h_left_seg_3_cropped.png,0,0,465,233,H
hand2_h_left_seg_4_cropped.png,0,0,476,231,H
hand2_h_left_seg_5_cropped.png,0,0,480,232,H
hand2_h_right_seg_1_cropped.png,0,0,462,224,H
hand2_h_right_seg_2_cropped.png,0,0,464,225,H
hand2_h_right_seg_3_cropped.png,0,0,462,223,H
hand2_h_right_seg_4_cropped.png,0,0,463,228,H
hand2_h_right_seg_5_cropped.png,0,0,465,228,H
hand2_h_top_seg_1_cropped.png,0,0,476,225,H
hand2_h_top_seg_2_cropped.png,0,0,481,230,H
hand2_h_top_seg_3_cropped.png,0,0,478,230,H
hand2_h_top_seg_4_cropped.png,0,0,480,232,H
hand2_h_top_seg_5_cropped.png,0,0,488,246,H
hand2_i_bot_seg_1_cropped.png,0,0,286,390,I
hand2_i_bot_seg_2_cropped.png,0,0,281,389,I
hand2_i_bot_seg_3_cropped.png,0,0,282,389,I
hand2_i_bot_seg_4_cropped.png,0,0,286,385,I
hand2_i_bot_seg_5_cropped.png,0,0,285,394,I
hand2_i_dif_seg_1_cropped.png,0,0,256,383,I
hand2_i_dif_seg_2_cropped.png,0,0,256,385,I
hand2_i_dif_seg_3_cropped.png,0,0,260,386,I
hand2_i_dif_seg_4_cropped.png,0,0,262,385,I
hand2_i_dif_seg_5_cropped.png,0,0,264,386,I
hand2_i_left_seg_1_cropped.png,0,0,244,397,I
hand2_i_left_seg_2_cropped.png,0,0,239,390,I
hand2_i_left_seg_3_cropped.png,0,0,230,385,I
hand2_i_left_seg_4_cropped.png,0,0,232,384,I
hand2_i_left_seg_5_cropped.png,0,0,237,386,I
hand2_i_right_seg_1_cropped.png,0,0,227,339,I
hand2_i_right_seg_2_cropped.png,0,0,225,333,I
hand2_i_right_seg_3_cropped.png,0,0,228,346,I
hand2_i_right_seg_4_cropped.png,0,0,226,340,I
hand2_i_right_seg_5_cropped.png,0,0,225,340,I
hand2_i_top_seg_1_cropped.png,0,0,245,364,I
hand2_i_top_seg_2_cropped.png,0,0,245,352,I
hand2_i_top_seg_3_cropped.png,0,0,247,360,I
hand2_i_top_seg_4_cropped.png,0,0,252,351,I
hand2_i_top_seg_5_cropped.png,0,0,243,360,I
hand2_k_bot_seg_1_cropped.png,0,0,231,452,K
hand2_k_bot_seg_2_cropped.png,0,0,232,455,K
hand2_k_bot_seg_3_cropped.png,0,0,232,455,K
hand2_k_bot_seg_4_cropped.png,0,0,232,458,K
hand2_k_bot_seg_5_cropped.png,0,0,231,459,K
hand2_k_dif_seg_1_cropped.png,0,0,221,462,K
hand2_k_dif_seg_2_cropped.png,0,0,222,464,K
hand2_k_dif_seg_3_cropped.png,0,0,219,467,K
hand2_k_dif_seg_4_cropped.png,0,0,221,469,K
hand2_k_dif_seg_5_cropped.png,0,0,223,469,K
hand2_k_left_seg_1_cropped.png,0,0,212,446,K
hand2_k_left_seg_2_cropped.png,0,0,211,449,K
hand2_k_left_seg_3_cropped.png,0,0,214,454,K
hand2_k_left_seg_4_cropped.png,0,0,211,450,K
hand2_k_left_seg_5_cropped.png,0,0,212,449,K
hand2_k_right_seg_1_cropped.png,0,0,227,479,K
hand2_k_right_seg_2_cropped.png,0,0,227,478,K
hand2_k_right_seg_3_cropped.png,0,0,227,482,K
hand2_k_right_seg_4_cropped.png,0,0,229,483,K
hand2_k_right_seg_5_cropped.png,0,0,227,484,K
hand2_k_top_seg_1_cropped.png,0,0,221,460,K
hand2_k_top_seg_2_cropped.png,0,0,222,457,K
hand2_k_top_seg_3_cropped.png,0,0,227,464,K
hand2_k_top_seg_4_cropped.png,0,0,223,469,K
hand2_k_top_seg_5_cropped.png,0,0,235,492,K
hand2_l_bot_seg_1_cropped.png,0,0,391,451,L
hand2_l_bot_seg_2_cropped.png,0,0,396,457,L
hand2_l_bot_seg_3_cropped.png,0,0,391,459,L
hand2_l_bot_seg_4_cropped.png,0,0,396,468,L
hand2_l_bot_seg_5_cropped.png,0,0,406,475,L
hand2_l_dif_seg_1_cropped.png,0,0,342,413,L
hand2_l_dif_seg_2_cropped.png,0,0,342,414,L
hand2_l_dif_seg_3_cropped.png,0,0,340,415,L
hand2_l_dif_seg_4_cropped.png,0,0,340,412,L
hand2_l_dif_seg_5_cropped.png,0,0,346,423,L
hand2_l_left_seg_1_cropped.png,0,0,341,435,L
hand2_l_left_seg_2_cropped.png,0,0,351,441,L
hand2_l_left_seg_3_cropped.png,0,0,324,437,L
hand2_l_left_seg_4_cropped.png,0,0,356,455,L
hand2_l_left_seg_5_cropped.png,0,0,361,469,L
hand2_l_right_seg_1_cropped.png,0,0,343,418,L
hand2_l_right_seg_2_cropped.png,0,0,344,418,L
hand2_l_right_seg_3_cropped.png,0,0,344,417,L
hand2_l_right_seg_4_cropped.png,0,0,345,419,L
hand2_l_right_seg_5_cropped.png,0,0,347,421,L
hand2_l_top_seg_1_cropped.png,0,0,313,440,L
hand2_l_top_seg_2_cropped.png,0,0,314,446,L
hand2_l_top_seg_3_cropped.png,0,0,324,454,L
hand2_l_top_seg_4_cropped.png,0,0,335,453,L
hand2_l_top_seg_5_cropped.png,0,0,322,454,L
hand2_m_bot_seg_1_cropped.png,0,0,225,319,M
hand2_m_bot_seg_2_cropped.png,0,0,225,319,M
hand2_m_bot_seg_3_cropped.png,0,0,228,323,M
hand2_m_bot_seg_4_cropped.png,0,0,227,322,M
hand2_m_bot_seg_5_cropped.png,0,0,230,327,M
hand2_m_dif_seg_1_cropped.png,0,0,191,284,M
hand2_m_dif_seg_2_cropped.png,0,0,191,284,M
hand2_m_dif_seg_3_cropped.png,0,0,188,284,M
hand2_m_dif_seg_4_cropped.png,0,0,196,284,M
hand2_m_dif_seg_5_cropped.png,0,0,199,285,M
hand2_m_left_seg_1_cropped.png,0,0,219,330,M
hand2_m_left_seg_2_cropped.png,0,0,213,331,M
hand2_m_left_seg_3_cropped.png,0,0,215,332,M
hand2_m_left_seg_4_cropped.png,0,0,216,332,M
hand2_m_left_seg_5_cropped.png,0,0,217,330,M
hand2_m_right_seg_1_cropped.png,0,0,209,295,M
hand2_m_right_seg_2_cropped.png,0,0,206,294,M
hand2_m_right_seg_3_cropped.png,0,0,210,295,M
hand2_m_right_seg_4_cropped.png,0,0,213,298,M
hand2_m_right_seg_5_cropped.png,0,0,217,297,M
hand2_m_top_seg_1_cropped.png,0,0,252,394,M
hand2_m_top_seg_2_cropped.png,0,0,262,402,M
hand2_m_top_seg_3_cropped.png,0,0,251,407,M
hand2_m_top_seg_4_cropped.png,0,0,275,418,M
hand2_m_top_seg_5_cropped.png,0,0,272,416,M
hand2_n_bot_seg_1_cropped.png,0,0,262,384,N
hand2_n_bot_seg_2_cropped.png,0,0,257,380,N
hand2_n_bot_seg_3_cropped.png,0,0,258,383,N
hand2_n_bot_seg_4_cropped.png,0,0,262,386,N
hand2_n_bot_seg_5_cropped.png,0,0,264,386,N
hand2_n_dif_seg_1_cropped.png,0,0,202,329,N
hand2_n_dif_seg_2_cropped.png,0,0,191,335,N
hand2_n_dif_seg_3_cropped.png,0,0,218,335,N
hand2_n_dif_seg_4_cropped.png,0,0,224,341,N
hand2_n_dif_seg_5_cropped.png,0,0,211,343,N
hand2_n_left_seg_1_cropped.png,0,0,228,330,N
hand2_n_left_seg_2_cropped.png,0,0,229,328,N
hand2_n_left_seg_3_cropped.png,0,0,227,331,N
hand2_n_left_seg_4_cropped.png,0,0,230,329,N
hand2_n_left_seg_5_cropped.png,0,0,226,333,N
hand2_n_right_seg_1_cropped.png,0,0,216,311,N
hand2_n_right_seg_2_cropped.png,0,0,229,317,N
hand2_n_right_seg_3_cropped.png,0,0,230,317,N
hand2_n_right_seg_4_cropped.png,0,0,228,319,N
hand2_n_right_seg_5_cropped.png,0,0,229,319,N
hand2_n_top_seg_1_cropped.png,0,0,238,368,N
hand2_n_top_seg_2_cropped.png,0,0,230,372,N
hand2_n_top_seg_3_cropped.png,0,0,232,376,N
hand2_n_top_seg_4_cropped.png,0,0,234,374,N
hand2_n_top_seg_5_cropped.png,0,0,223,376,N
hand2_o_bot_seg_1_cropped.png,0,0,246,355,O
hand2_o_bot_seg_2_cropped.png,0,0,248,360,O
hand2_o_bot_seg_3_cropped.png,0,0,249,362,O
hand2_o_bot_seg_4_cropped.png,0,0,256,365,O
hand2_o_bot_seg_5_cropped.png,0,0,257,370,O
hand2_o_dif_seg_1_cropped.png,0,0,210,307,O
hand2_o_dif_seg_2_cropped.png,0,0,213,307,O
hand2_o_dif_seg_3_cropped.png,0,0,216,311,O
hand2_o_dif_seg_4_cropped.png,0,0,222,311,O
hand2_o_dif_seg_5_cropped.png,0,0,211,318,O
hand2_o_left_seg_1_cropped.png,0,0,238,326,O
hand2_o_left_seg_2_cropped.png,0,0,238,328,O
hand2_o_left_seg_3_cropped.png,0,0,233,328,O
hand2_o_left_seg_4_cropped.png,0,0,233,326,O
hand2_o_left_seg_5_cropped.png,0,0,243,324,O
hand2_o_right_seg_1_cropped.png,0,0,245,330,O
hand2_o_right_seg_2_cropped.png,0,0,253,324,O
hand2_o_right_seg_3_cropped.png,0,0,256,325,O
hand2_o_right_seg_4_cropped.png,0,0,264,322,O
hand2_o_right_seg_5_cropped.png,0,0,269,325,O
hand2_o_top_seg_1_cropped.png,0,0,262,401,O
hand2_o_top_seg_2_cropped.png,0,0,269,414,O
hand2_o_top_seg_3_cropped.png,0,0,272,413,O
hand2_o_top_seg_4_cropped.png,0,0,266,418,O
hand2_o_top_seg_5_cropped.png,0,0,261,418,O
hand2_p_bot_seg_1_cropped.png,0,0,484,219,P
hand2_p_bot_seg_2_cropped.png,0,0,488,222,P
hand2_p_bot_seg_3_cropped.png,0,0,488,220,P
hand2_p_bot_seg_4_cropped.png,0,0,490,226,P
hand2_p_bot_seg_5_cropped.png,0,0,489,228,P
hand2_p_dif_seg_1_cropped.png,0,0,425,210,P
hand2_p_dif_seg_2_cropped.png,0,0,432,212,P
hand2_p_dif_seg_3_cropped.png,0,0,447,220,P
hand2_p_dif_seg_4_cropped.png,0,0,441,213,P
hand2_p_dif_seg_5_cropped.png,0,0,439,214,P
hand2_p_left_seg_1_cropped.png,0,0,480,226,P
hand2_p_left_seg_2_cropped.png,0,0,487,228,P
hand2_p_left_seg_3_cropped.png,0,0,482,230,P
hand2_p_left_seg_4_cropped.png,0,0,482,228,P
hand2_p_left_seg_5_cropped.png,0,0,490,232,P
hand2_p_right_seg_1_cropped.png,0,0,470,226,P
hand2_p_right_seg_2_cropped.png,0,0,471,226,P
hand2_p_right_seg_3_cropped.png,0,0,473,228,P
hand2_p_right_seg_4_cropped.png,0,0,473,226,P
hand2_p_right_seg_5_cropped.png,0,0,469,226,P
hand2_p_top_seg_1_cropped.png,0,0,472,241,P
hand2_p_top_seg_2_cropped.png,0,0,468,233,P
hand2_p_top_seg_3_cropped.png,0,0,464,233,P
hand2_p_top_seg_4_cropped.png,0,0,471,239,P
hand2_p_top_seg_5_cropped.png,0,0,461,240,P
hand2_q_bot_seg_1_cropped.png,0,0,381,311,Q
hand2_q_bot_seg_2_cropped.png,0,0,382,311,Q
hand2_q_bot_seg_3_cropped.png,0,0,384,310,Q
hand2_q_bot_seg_4_cropped.png,0,0,379,312,Q
hand2_q_bot_seg_5_cropped.png,0,0,370,318,Q
hand2_q_dif_seg_1_cropped.png,0,0,412,313,Q
hand2_q_dif_seg_2_cropped.png,0,0,390,331,Q
hand2_q_dif_seg_3_cropped.png,0,0,378,340,Q
hand2_q_dif_seg_4_cropped.png,0,0,375,343,Q
hand2_q_dif_seg_5_cropped.png,0,0,394,331,Q
hand2_q_left_seg_1_cropped.png,0,0,359,360,Q
hand2_q_left_seg_2_cropped.png,0,0,366,356,Q
hand2_q_left_seg_3_cropped.png,0,0,382,348,Q
hand2_q_left_seg_4_cropped.png,0,0,364,354,Q
hand2_q_left_seg_5_cropped.png,0,0,351,362,Q
hand2_q_right_seg_1_cropped.png,0,0,414,298,Q
hand2_q_right_seg_2_cropped.png,0,0,403,308,Q
hand2_q_right_seg_3_cropped.png,0,0,403,307,Q
hand2_q_right_seg_4_cropped.png,0,0,407,309,Q
hand2_q_right_seg_5_cropped.png,0,0,408,309,Q
hand2_q_top_seg_1_cropped.png,0,0,380,352,Q
hand2_q_top_seg_2_cropped.png,0,0,376,350,Q
hand2_q_top_seg_3_cropped.png,0,0,385,347,Q
hand2_q_top_seg_4_cropped.png,0,0,368,338,Q
hand2_q_top_seg_5_cropped.png,0,0,365,342,Q
hand2_r_bot_seg_1_cropped.png,0,0,211,477,R
hand2_r_bot_seg_2_cropped.png,0,0,211,480,R
hand2_r_bot_seg_3_cropped.png,0,0,216,477,R
hand2_r_bot_seg_4_cropped.png,0,0,216,476,R
hand2_r_bot_seg_5_cropped.png,0,0,217,481,R
hand2_r_dif_seg_1_cropped.png,0,0,226,497,R
hand2_r_dif_seg_2_cropped.png,0,0,227,501,R
hand2_r_dif_seg_3_cropped.png,0,0,228,503,R
hand2_r_dif_seg_4_cropped.png,0,0,228,504,R
hand2_r_dif_seg_5_cropped.png,0,0,229,507,R
hand2_r_left_seg_1_cropped.png,0,0,208,479,R
hand2_r_left_seg_2_cropped.png,0,0,210,477,R
hand2_r_left_seg_3_cropped.png,0,0,208,471,R
hand2_r_left_seg_4_cropped.png,0,0,211,471,R
hand2_r_left_seg_5_cropped.png,0,0,210,476,R
hand2_r_right_seg_1_cropped.png,0,0,203,472,R
hand2_r_right_seg_2_cropped.png,0,0,203,473,R
hand2_r_right_seg_3_cropped.png,0,0,206,486,R
hand2_r_right_seg_4_cropped.png,0,0,208,491,R
hand2_r_right_seg_5_cropped.png,0,0,206,476,R
hand2_r_top_seg_1_cropped.png,0,0,184,450,R
hand2_r_top_seg_2_cropped.png,0,0,185,453,R
hand2_r_top_seg_3_cropped.png,0,0,189,452,R
hand2_r_top_seg_4_cropped.png,0,0,187,452,R
hand2_r_top_seg_5_cropped.png,0,0,188,447,R
hand2_s_bot_seg_1_cropped.png,0,0,237,355,S
hand2_s_bot_seg_2_cropped.png,0,0,236,355,S
hand2_s_bot_seg_3_cropped.png,0,0,237,355,S
hand2_s_bot_seg_4_cropped.png,0,0,238,359,S
hand2_s_bot_seg_5_cropped.png,0,0,235,358,S
hand2_s_dif_seg_1_cropped.png,0,0,250,355,S
hand2_s_dif_seg_2_cropped.png,0,0,246,356,S
hand2_s_dif_seg_3_cropped.png,0,0,227,356,S
hand2_s_dif_seg_4_cropped.png,0,0,237,368,S
hand2_s_dif_seg_5_cropped.png,0,0,239,370,S
hand2_s_left_seg_1_cropped.png,0,0,252,344,S
hand2_s_left_seg_2_cropped.png,0,0,251,343,S
hand2_s_left_seg_3_cropped.png,0,0,250,343,S
hand2_s_left_seg_4_cropped.png,0,0,250,346,S
hand2_s_left_seg_5_cropped.png,0,0,252,346,S
hand2_s_right_seg_1_cropped.png,0,0,233,323,S
hand2_s_right_seg_2_cropped.png,0,0,234,323,S
hand2_s_right_seg_3_cropped.png,0,0,233,325,S
hand2_s_right_seg_4_cropped.png,0,0,236,324,S
hand2_s_right_seg_5_cropped.png,0,0,235,320,S
hand2_s_top_seg_1_cropped.png,0,0,225,330,S
hand2_s_top_seg_2_cropped.png,0,0,219,329,S
hand2_s_top_seg_3_cropped.png,0,0,226,329,S
hand2_s_top_seg_4_cropped.png,0,0,225,336,S
hand2_s_top_seg_5_cropped.png,0,0,229,342,S
hand2_t_bot_seg_1_cropped.png,0,0,238,377,T
hand2_t_bot_seg_2_cropped.png,0,0,238,376,T
hand2_t_bot_seg_3_cropped.png,0,0,239,376,T
hand2_t_bot_seg_4_cropped.png,0,0,238,379,T
hand2_t_bot_seg_5_cropped.png,0,0,243,373,T
hand2_t_left_seg_1_cropped.png,0,0,245,364,T
hand2_t_left_seg_2_cropped.png,0,0,243,367,T
hand2_t_left_seg_3_cropped.png,0,0,246,369,T
hand2_t_left_seg_4_cropped.png,0,0,244,368,T
hand2_t_left_seg_5_cropped.png,0,0,246,368,T
hand2_t_right_seg_1_cropped.png,0,0,248,350,T
hand2_t_right_seg_2_cropped.png,0,0,248,351,T
hand2_t_right_seg_3_cropped.png,0,0,248,351,T
hand2_t_right_seg_4_cropped.png,0,0,249,351,T
hand2_t_right_seg_5_cropped.png,0,0,247,355,T
hand2_t_top_seg_1_cropped.png,0,0,205,323,T
hand2_t_top_seg_2_cropped.png,0,0,203,324,T
hand2_t_top_seg_3_cropped.png,0,0,205,323,T
hand2_t_top_seg_4_cropped.png,0,0,205,320,T
hand2_t_top_seg_5_cropped.png,0,0,205,321,T
hand2_u_bot_seg_1_cropped.png,0,0,236,514,U
hand2_u_bot_seg_2_cropped.png,0,0,235,516,U
hand2_u_bot_seg_3_cropped.png,0,0,229,515,U
hand2_u_bot_seg_4_cropped.png,0,0,233,514,U
hand2_u_bot_seg_5_cropped.png,0,0,231,518,U
hand2_u_dif_seg_1_cropped.png,0,0,244,502,U
hand2_u_dif_seg_2_cropped.png,0,0,244,502,U
hand2_u_dif_seg_3_cropped.png,0,0,243,514,U
hand2_u_dif_seg_4_cropped.png,0,0,263,507,U
hand2_u_dif_seg_5_cropped.png,0,0,245,516,U
hand2_u_left_seg_1_cropped.png,0,0,207,474,U
hand2_u_left_seg_2_cropped.png,0,0,203,476,U
hand2_u_left_seg_3_cropped.png,0,0,209,468,U
hand2_u_left_seg_4_cropped.png,0,0,201,476,U
hand2_u_left_seg_5_cropped.png,0,0,202,476,U
hand2_u_right_seg_1_cropped.png,0,0,205,454,U
hand2_u_right_seg_2_cropped.png,0,0,212,468,U
hand2_u_right_seg_3_cropped.png,0,0,212,468,U
hand2_u_right_seg_4_cropped.png,0,0,205,469,U
hand2_u_right_seg_5_cropped.png,0,0,208,468,U
hand2_u_top_seg_1_cropped.png,0,0,203,457,U
hand2_u_top_seg_2_cropped.png,0,0,200,455,U
hand2_u_top_seg_3_cropped.png,0,0,195,451,U
hand2_u_top_seg_4_cropped.png,0,0,188,458,U
hand2_u_top_seg_5_cropped.png,0,0,201,471,U
hand2_v_bot_seg_1_cropped.png,0,0,223,452,V
hand2_v_bot_seg_2_cropped.png,0,0,223,450,V
hand2_v_bot_seg_3_cropped.png,0,0,229,455,V
hand2_v_bot_seg_4_cropped.png,0,0,226,449,V
hand2_v_bot_seg_5_cropped.png,0,0,225,447,V
hand2_v_dif_seg_1_cropped.png,0,0,226,483,V
hand2_v_dif_seg_2_cropped.png,0,0,230,486,V
hand2_v_dif_seg_3_cropped.png,0,0,229,487,V
hand2_v_dif_seg_4_cropped.png,0,0,235,491,V
hand2_v_dif_seg_5_cropped.png,0,0,236,490,V
hand2_v_left_seg_1_cropped.png,0,0,257,493,V
hand2_v_left_seg_2_cropped.png,0,0,255,495,V
hand2_v_left_seg_3_cropped.png,0,0,255,498,V
hand2_v_left_seg_4_cropped.png,0,0,258,498,V
hand2_v_left_seg_5_cropped.png,0,0,258,495,V
hand2_v_right_seg_1_cropped.png,0,0,213,471,V
hand2_v_right_seg_2_cropped.png,0,0,211,465,V
hand2_v_right_seg_3_cropped.png,0,0,207,465,V
hand2_v_right_seg_4_cropped.png,0,0,211,468,V
hand2_v_right_seg_5_cropped.png,0,0,210,469,V
hand2_v_top_seg_1_cropped.png,0,0,235,471,V
hand2_v_top_seg_2_cropped.png,0,0,234,467,V
hand2_v_top_seg_3_cropped.png,0,0,238,464,V
hand2_v_top_seg_4_cropped.png,0,0,239,470,V
hand2_v_top_seg_5_cropped.png,0,0,245,473,V
hand2_w_bot_seg_1_cropped.png,0,0,209,447,W
hand2_w_bot_seg_2_cropped.png,0,0,207,447,W
hand2_w_bot_seg_3_cropped.png,0,0,205,445,W
hand2_w_bot_seg_4_cropped.png,0,0,207,448,W
hand2_w_bot_seg_5_cropped.png,0,0,210,448,W
hand2_w_dif_seg_1_cropped.png,0,0,255,527,W
hand2_w_dif_seg_2_cropped.png,0,0,267,524,W
hand2_w_dif_seg_3_cropped.png,0,0,268,525,W
hand2_w_dif_seg_4_cropped.png,0,0,270,530,W
hand2_w_dif_seg_5_cropped.png,0,0,272,530,W
hand2_w_left_seg_1_cropped.png,0,0,199,460,W
hand2_w_left_seg_2_cropped.png,0,0,194,455,W
hand2_w_left_seg_3_cropped.png,0,0,196,456,W
hand2_w_left_seg_4_cropped.png,0,0,202,455,W
hand2_w_left_seg_5_cropped.png,0,0,196,461,W
hand2_w_right_seg_1_cropped.png,0,0,228,499,W
hand2_w_right_seg_2_cropped.png,0,0,220,485,W
hand2_w_right_seg_3_cropped.png,0,0,221,486,W
hand2_w_right_seg_4_cropped.png,0,0,222,487,W
hand2_w_right_seg_5_cropped.png,0,0,219,483,W
hand2_w_top_seg_1_cropped.png,0,0,205,444,W
hand2_w_top_seg_2_cropped.png,0,0,205,447,W
hand2_w_top_seg_3_cropped.png,0,0,210,440,W
hand2_w_top_seg_4_cropped.png,0,0,210,439,W
hand2_w_top_seg_5_cropped.png,0,0,195,447,W
hand2_x_bot_seg_1_cropped.png,0,0,222,395,X
hand2_x_bot_seg_2_cropped.png,0,0,214,403,X
hand2_x_bot_seg_3_cropped.png,0,0,232,402,X
hand2_x_bot_seg_4_cropped.png,0,0,239,397,X
hand2_x_bot_seg_5_cropped.png,0,0,235,413,X
hand2_x_dif_seg_1_cropped.png,0,0,228,417,X
hand2_x_dif_seg_2_cropped.png,0,0,233,421,X
hand2_x_dif_seg_3_cropped.png,0,0,227,432,X
hand2_x_dif_seg_4_cropped.png,0,0,228,433,X
hand2_x_dif_seg_5_cropped.png,0,0,224,423,X
hand2_x_left_seg_1_cropped.png,0,0,231,458,X
hand2_x_left_seg_2_cropped.png,0,0,234,461,X
hand2_x_left_seg_3_cropped.png,0,0,237,462,X
hand2_x_left_seg_4_cropped.png,0,0,238,464,X
hand2_x_left_seg_5_cropped.png,0,0,235,466,X
hand2_x_right_seg_1_cropped.png,0,0,218,406,X
hand2_x_right_seg_2_cropped.png,0,0,217,405,X
hand2_x_right_seg_3_cropped.png,0,0,222,419,X
hand2_x_right_seg_4_cropped.png,0,0,220,421,X
hand2_x_right_seg_5_cropped.png,0,0,219,420,X
hand2_x_top_seg_1_cropped.png,0,0,225,376,X
hand2_x_top_seg_2_cropped.png,0,0,225,375,X
hand2_x_top_seg_3_cropped.png,0,0,227,374,X
hand2_x_top_seg_4_cropped.png,0,0,216,383,X
hand2_x_top_seg_5_cropped.png,0,0,229,372,X
hand2_y_bot_seg_1_cropped.png,0,0,376,343,Y
hand2_y_bot_seg_2_cropped.png,0,0,374,342,Y
hand2_y_bot_seg_3_cropped.png,0,0,372,345,Y
hand2_y_bot_seg_4_cropped.png,0,0,375,338,Y
hand2_y_bot_seg_5_cropped.png,0,0,373,343,Y
hand2_y_dif_seg_1_cropped.png,0,0,398,403,Y
hand2_y_dif_seg_2_cropped.png,0,0,392,393,Y
hand2_y_dif_seg_3_cropped.png,0,0,397,402,Y
hand2_y_dif_seg_4_cropped.png,0,0,395,371,Y
hand2_y_dif_seg_5_cropped.png,0,0,391,375,Y
hand2_y_left_seg_1_cropped.png,0,0,374,388,Y
hand2_y_left_seg_2_cropped.png,0,0,383,393,Y
hand2_y_left_seg_3_cropped.png,0,0,389,388,Y
hand2_y_left_seg_4_cropped.png,0,0,392,388,Y
hand2_y_left_seg_5_cropped.png,0,0,393,392,Y
hand2_y_right_seg_1_cropped.png,0,0,356,361,Y
hand2_y_right_seg_2_cropped.png,0,0,354,362,Y
hand2_y_right_seg_3_cropped.png,0,0,354,359,Y
hand2_y_right_seg_4_cropped.png,0,0,355,362,Y
hand2_y_right_seg_5_cropped.png,0,0,358,364,Y
hand2_y_top_seg_1_cropped.png,0,0,333,346,Y
hand2_y_top_seg_2_cropped.png,0,0,333,350,Y
hand2_y_top_seg_3_cropped.png,0,0,334,352,Y
hand2_y_top_seg_4_cropped.png,0,0,329,350,Y
hand2_y_top_seg_5_cropped.png,0,0,336,348,Y
hand3_a_dif_seg_1_cropped.png,0,0,271,351,A
hand3_a_dif_seg_2_cropped.png,0,0,271,351,A
hand3_a_dif_seg_3_cropped.png,0,0,266,343,A
hand3_a_dif_seg_4_cropped.png,0,0,259,351,A
hand3_a_dif_seg_5_cropped.png,0,0,253,346,A
hand3_b_dif_seg_1_cropped.png,0,0,237,478,B
hand3_b_dif_seg_2_cropped.png,0,0,249,517,B
hand3_b_dif_seg_3_cropped.png,0,0,246,523,B
hand3_b_dif_seg_4_cropped.png,0,0,246,529,B
hand3_b_dif_seg_5_cropped.png,0,0,239,501,B
hand3_c_dif_seg_1_cropped.png,0,0,288,359,C
hand3_c_dif_seg_2_cropped.png,0,0,284,359,C
hand3_c_dif_seg_3_cropped.png,0,0,269,361,C
hand3_c_dif_seg_4_cropped.png,0,0,266,359,C
hand3_c_dif_seg_5_cropped.png,0,0,249,360,C
hand3_d_dif_seg_1_cropped.png,0,0,239,458,D
hand3_d_dif_seg_2_cropped.png,0,0,240,458,D
hand3_d_dif_seg_3_cropped.png,0,0,249,453,D
hand3_d_dif_seg_4_cropped.png,0,0,252,449,D
hand3_d_dif_seg_5_cropped.png,0,0,249,462,D
hand3_e_dif_seg_1_cropped.png,0,0,230,346,E
hand3_e_dif_seg_2_cropped.png,0,0,229,345,E
hand3_e_dif_seg_3_cropped.png,0,0,220,336,E
hand3_e_dif_seg_4_cropped.png,0,0,221,346,E
hand3_e_dif_seg_5_cropped.png,0,0,230,344,E
hand3_f_dif_seg_1_cropped.png,0,0,254,437,F
hand3_f_dif_seg_2_cropped.png,0,0,239,437,F
hand3_f_dif_seg_3_cropped.png,0,0,238,436,F
hand3_f_dif_seg_4_cropped.png,0,0,244,441,F
hand3_f_dif_seg_5_cropped.png,0,0,249,444,F
hand3_g_dif_seg_1_cropped.png,0,0,418,243,G
hand3_g_dif_seg_2_cropped.png,0,0,414,238,G
hand3_g_dif_seg_3_cropped.png,0,0,406,240,G
hand3_g_dif_seg_4_cropped.png,0,0,401,243,G
hand3_g_dif_seg_5_cropped.png,0,0,402,238,G
hand3_h_dif_seg_1_cropped.png,0,0,436,256,H
hand3_h_dif_seg_2_cropped.png,0,0,444,258,H
hand3_h_dif_seg_3_cropped.png,0,0,451,244,H
hand3_h_dif_seg_4_cropped.png,0,0,451,244,H
hand3_h_dif_seg_5_cropped.png,0,0,450,242,H
hand3_i_dif_seg_1_cropped.png,0,0,258,407,I
hand3_i_dif_seg_2_cropped.png,0,0,259,407,I
hand3_i_dif_seg_3_cropped.png,0,0,258,406,I
hand3_i_dif_seg_4_cropped.png,0,0,254,405,I
hand3_i_dif_seg_5_cropped.png,0,0,250,398,I
hand3_k_dif_seg_1_cropped.png,0,0,245,500,K
hand3_k_dif_seg_2_cropped.png,0,0,242,499,K
hand3_k_dif_seg_3_cropped.png,0,0,238,491,K
hand3_k_dif_seg_4_cropped.png,0,0,236,491,K
hand3_k_dif_seg_5_cropped.png,0,0,233,487,K
hand3_l_dif_seg_1_cropped.png,0,0,398,461,L
hand3_l_dif_seg_2_cropped.png,0,0,393,460,L
hand3_l_dif_seg_3_cropped.png,0,0,395,468,L
hand3_l_dif_seg_4_cropped.png,0,0,398,477,L
hand3_l_dif_seg_5_cropped.png,0,0,401,484,L
hand3_m_dif_seg_1_cropped.png,0,0,230,297,M
hand3_m_dif_seg_2_cropped.png,0,0,229,296,M
hand3_m_dif_seg_3_cropped.png,0,0,231,295,M
hand3_m_dif_seg_4_cropped.png,0,0,230,295,M
hand3_m_dif_seg_5_cropped.png,0,0,228,295,M
hand3_n_dif_seg_1_cropped.png,0,0,228,265,N
hand3_n_dif_seg_2_cropped.png,0,0,231,265,N
hand3_n_dif_seg_3_cropped.png,0,0,245,303,N
hand3_n_dif_seg_4_cropped.png,0,0,248,301,N
hand3_n_dif_seg_5_cropped.png,0,0,246,300,N
hand3_o_dif_seg_1_cropped.png,0,0,222,358,O
hand3_o_dif_seg_2_cropped.png,0,0,225,356,O
hand3_o_dif_seg_3_cropped.png,0,0,225,353,O
hand3_o_dif_seg_4_cropped.png,0,0,225,348,O
hand3_o_dif_seg_5_cropped.png,0,0,227,346,O
hand3_p_dif_seg_1_cropped.png,0,0,460,278,P
hand3_p_dif_seg_2_cropped.png,0,0,458,277,P
hand3_p_dif_seg_3_cropped.png,0,0,457,275,P
hand3_p_dif_seg_4_cropped.png,0,0,454,273,P
hand3_p_dif_seg_5_cropped.png,0,0,451,272,P
hand3_q_dif_seg_1_cropped.png,0,0,404,321,Q
hand3_q_dif_seg_2_cropped.png,0,0,406,324,Q
hand3_q_dif_seg_3_cropped.png,0,0,409,320,Q
hand3_q_dif_seg_4_cropped.png,0,0,413,322,Q
hand3_q_dif_seg_5_cropped.png,0,0,413,320,Q
hand3_r_dif_seg_1_cropped.png,0,0,229,495,R
hand3_r_dif_seg_2_cropped.png,0,0,228,495,R
hand3_r_dif_seg_3_cropped.png,0,0,224,494,R
hand3_r_dif_seg_4_cropped.png,0,0,224,495,R
hand3_r_dif_seg_5_cropped.png,0,0,229,489,R
hand3_s_dif_seg_1_cropped.png,0,0,240,313,S
hand3_s_dif_seg_2_cropped.png,0,0,240,315,S
hand3_s_dif_seg_3_cropped.png,0,0,236,315,S
hand3_s_dif_seg_4_cropped.png,0,0,230,317,S
hand3_s_dif_seg_5_cropped.png,0,0,221,315,S
hand3_t_dif_seg_1_cropped.png,0,0,271,337,T
hand3_t_dif_seg_2_cropped.png,0,0,273,337,T
hand3_t_dif_seg_3_cropped.png,0,0,273,336,T
hand3_t_dif_seg_4_cropped.png,0,0,269,343,T
hand3_t_dif_seg_5_cropped.png,0,0,269,343,T
hand3_u_dif_seg_1_cropped.png,0,0,234,480,U
hand3_u_dif_seg_2_cropped.png,0,0,236,483,U
hand3_u_dif_seg_3_cropped.png,0,0,236,482,U
hand3_u_dif_seg_4_cropped.png,0,0,235,482,U
hand3_u_dif_seg_5_cropped.png,0,0,237,486,U
hand3_v_dif_seg_1_cropped.png,0,0,230,475,V
hand3_v_dif_seg_2_cropped.png,0,0,227,472,V
hand3_v_dif_seg_3_cropped.png,0,0,228,470,V
hand3_v_dif_seg_4_cropped.png,0,0,224,471,V
hand3_v_dif_seg_5_cropped.png,0,0,222,468,V
hand3_w_dif_seg_1_cropped.png,0,0,218,456,W
hand3_w_dif_seg_2_cropped.png,0,0,219,462,W
hand3_w_dif_seg_3_cropped.png,0,0,219,467,W
hand3_w_dif_seg_4_cropped.png,0,0,229,475,W
hand3_w_dif_seg_5_cropped.png,0,0,226,471,W
hand3_x_dif_seg_1_cropped.png,0,0,249,401,X
hand3_x_dif_seg_2_cropped.png,0,0,247,398,X
hand3_x_dif_seg_3_cropped.png,0,0,247,399,X
hand3_x_dif_seg_4_cropped.png,0,0,247,399,X
hand3_x_dif_seg_5_cropped.png,0,0,246,396,X
hand3_y_dif_seg_1_cropped.png,0,0,488,384,Y
hand3_y_dif_seg_2_cropped.png,0,0,491,384,Y
hand3_y_dif_seg_3_cropped.png,0,0,489,387,Y
hand3_y_dif_seg_4_cropped.png,0,0,488,385,Y
hand3_y_dif_seg_5_cropped.png,0,0,484,385,Y
hand4_a_bot_seg_1_cropped.png,0,0,286,306,A
hand4_a_bot_seg_2_cropped.png,0,0,308,302,A
hand4_a_bot_seg_3_cropped.png,0,0,269,318,A
hand4_a_bot_seg_4_cropped.png,0,0,263,326,A
hand4_a_bot_seg_5_cropped.png,0,0,269,323,A
hand4_b_bot_seg_1_cropped.png,0,0,261,515,B
hand4_b_bot_seg_2_cropped.png,0,0,256,502,B
hand4_b_bot_seg_3_cropped.png,0,0,263,518,B
hand4_b_bot_seg_4_cropped.png,0,0,261,506,B
hand4_b_bot_seg_5_cropped.png,0,0,255,516,B
hand4_c_bot_seg_1_cropped.png,0,0,264,264,C
hand4_c_bot_seg_2_cropped.png,0,0,287,302,C
hand4_c_bot_seg_3_cropped.png,0,0,297,301,C
hand4_c_bot_seg_4_cropped.png,0,0,287,322,C
hand4_c_bot_seg_5_cropped.png,0,0,278,297,C
hand4_d_bot_seg_1_cropped.png,0,0,320,520,D
hand4_d_bot_seg_2_cropped.png,0,0,306,511,D
hand4_d_bot_seg_3_cropped.png,0,0,318,526,D
hand4_d_bot_seg_4_cropped.png,0,0,316,530,D
hand4_d_bot_seg_5_cropped.png,0,0,313,517,D
hand4_e_bot_seg_1_cropped.png,0,0,292,352,E
hand4_e_bot_seg_2_cropped.png,0,0,292,354,E
hand4_e_bot_seg_3_cropped.png,0,0,279,334,E
hand4_e_bot_seg_4_cropped.png,0,0,280,348,E
hand4_e_bot_seg_5_cropped.png,0,0,288,354,E
hand4_f_bot_seg_1_cropped.png,0,0,268,564,F
hand4_f_bot_seg_2_cropped.png,0,0,315,560,F
hand4_f_bot_seg_3_cropped.png,0,0,309,567,F
hand4_f_bot_seg_4_cropped.png,0,0,343,576,F
hand4_f_bot_seg_5_cropped.png,0,0,346,574,F
hand4_g_bot_seg_1_cropped.png,0,0,464,300,G
hand4_g_bot_seg_2_cropped.png,0,0,485,297,G
hand4_g_bot_seg_3_cropped.png,0,0,469,311,G
hand4_g_bot_seg_4_cropped.png,0,0,468,308,G
hand4_g_bot_seg_5_cropped.png,0,0,486,299,G
hand4_h_bot_seg_1_cropped.png,0,0,588,320,H
hand4_h_bot_seg_2_cropped.png,0,0,590,317,H
hand4_h_bot_seg_3_cropped.png,0,0,587,321,H
hand4_h_bot_seg_4_cropped.png,0,0,580,324,H
hand4_h_bot_seg_5_cropped.png,0,0,570,343,H
hand4_i_bot_seg_1_cropped.png,0,0,280,355,I
hand4_i_bot_seg_2_cropped.png,0,0,316,346,I
hand4_i_bot_seg_3_cropped.png,0,0,275,385,I
hand4_i_bot_seg_4_cropped.png,0,0,273,399,I
hand4_i_bot_seg_5_cropped.png,0,0,282,390,I
hand4_k_bot_seg_1_cropped.png,0,0,265,556,K
hand4_k_bot_seg_2_cropped.png,0,0,260,569,K
hand4_k_bot_seg_3_cropped.png,0,0,266,571,K
hand4_k_bot_seg_4_cropped.png,0,0,263,561,K
hand4_k_bot_seg_5_cropped.png,0,0,270,573,K
hand4_l_bot_seg_1_cropped.png,0,0,503,568,L
hand4_l_bot_seg_2_cropped.png,0,0,485,568,L
hand4_l_bot_seg_3_cropped.png,0,0,492,573,L
hand4_l_bot_seg_4_cropped.png,0,0,510,578,L
hand4_l_bot_seg_5_cropped.png,0,0,519,581,L
hand4_m_bot_seg_1_cropped.png,0,0,267,333,M
hand4_m_bot_seg_2_cropped.png,0,0,255,334,M
hand4_m_bot_seg_3_cropped.png,0,0,256,338,M
hand4_m_bot_seg_4_cropped.png,0,0,264,343,M
hand4_m_bot_seg_5_cropped.png,0,0,256,342,M
hand4_n_bot_seg_1_cropped.png,0,0,298,261,N
hand4_n_bot_seg_2_cropped.png,0,0,294,274,N
hand4_n_bot_seg_3_cropped.png,0,0,299,275,N
hand4_n_bot_seg_4_cropped.png,0,0,305,265,N
hand4_n_bot_seg_5_cropped.png,0,0,310,271,N
hand4_o_bot_seg_1_cropped.png,0,0,298,446,O
hand4_o_bot_seg_2_cropped.png,0,0,296,442,O
hand4_o_bot_seg_3_cropped.png,0,0,301,444,O
hand4_o_bot_seg_4_cropped.png,0,0,291,436,O
hand4_o_bot_seg_5_cropped.png,0,0,295,427,O
hand4_p_bot_seg_1_cropped.png,0,0,464,305,P
hand4_p_bot_seg_2_cropped.png,0,0,462,300,P
hand4_p_bot_seg_3_cropped.png,0,0,461,291,P
hand4_p_bot_seg_4_cropped.png,0,0,473,293,P
hand4_p_bot_seg_5_cropped.png,0,0,467,295,P
hand4_q_bot_seg_1_cropped.png,0,0,407,339,Q
hand4_q_bot_seg_2_cropped.png,0,0,423,351,Q
hand4_q_bot_seg_3_cropped.png,0,0,378,320,Q
hand4_q_bot_seg_4_cropped.png,0,0,401,312,Q
hand4_q_bot_seg_5_cropped.png,0,0,373,323,Q
hand4_r_bot_seg_1_cropped.png,0,0,247,537,R
hand4_r_bot_seg_2_cropped.png,0,0,251,543,R
hand4_r_bot_seg_3_cropped.png,0,0,257,560,R
hand4_r_bot_seg_4_cropped.png,0,0,263,548,R
hand4_r_bot_seg_5_cropped.png,0,0,250,525,R
hand4_s_bot_seg_1_cropped.png,0,0,253,349,S
hand4_s_bot_seg_2_cropped.png,0,0,253,342,S
hand4_s_bot_seg_3_cropped.png,0,0,256,338,S
hand4_s_bot_seg_4_cropped.png,0,0,257,352,S
hand4_s_bot_seg_5_cropped.png,0,0,262,355,S
hand4_t_bot_seg_1_cropped.png,0,0,266,340,T
hand4_t_bot_seg_2_cropped.png,0,0,260,325,T
hand4_t_bot_seg_3_cropped.png,0,0,256,333,T
hand4_t_bot_seg_4_cropped.png,0,0,262,342,T
hand4_t_bot_seg_5_cropped.png,0,0,263,340,T
hand4_u_bot_seg_1_cropped.png,0,0,267,527,U
hand4_u_bot_seg_2_cropped.png,0,0,244,494,U
hand4_u_bot_seg_3_cropped.png,0,0,250,490,U
hand4_u_bot_seg_4_cropped.png,0,0,251,497,U
hand4_u_bot_seg_5_cropped.png,0,0,251,495,U
hand4_v_bot_seg_1_cropped.png,0,0,255,521,V
hand4_v_bot_seg_2_cropped.png,0,0,261,521,V
hand4_v_bot_seg_3_cropped.png,0,0,258,522,V
hand4_v_bot_seg_4_cropped.png,0,0,261,523,V
hand4_v_bot_seg_5_cropped.png,0,0,258,522,V
hand4_w_bot_seg_1_cropped.png,0,0,212,497,W
hand4_w_bot_seg_2_cropped.png,0,0,210,494,W
hand4_w_bot_seg_3_cropped.png,0,0,213,494,W
hand4_w_bot_seg_4_cropped.png,0,0,212,493,W
hand4_w_bot_seg_5_cropped.png,0,0,211,486,W
hand4_x_bot_seg_1_cropped.png,0,0,251,401,X
hand4_x_bot_seg_2_cropped.png,0,0,249,401,X
hand4_x_bot_seg_3_cropped.png,0,0,254,404,X
hand4_x_bot_seg_4_cropped.png,0,0,254,406,X
hand4_x_bot_seg_5_cropped.png,0,0,254,407,X
hand4_y_bot_seg_1_cropped.png,0,0,386,403,Y
hand4_y_bot_seg_2_cropped.png,0,0,373,397,Y
hand4_y_bot_seg_3_cropped.png,0,0,380,402,Y
hand4_y_bot_seg_4_cropped.png,0,0,393,395,Y
hand4_y_bot_seg_5_cropped.png,0,0,397,399,Y
hand5_a_bot_seg_1_cropped.png,0,0,264,389,A
hand5_a_bot_seg_2_cropped.png,0,0,281,392,A
hand5_a_bot_seg_3_cropped.png,0,0,248,380,A
hand5_a_bot_seg_4_cropped.png,0,0,282,395,A
hand5_a_bot_seg_5_cropped.png,0,0,316,396,A
hand5_a_dif_seg_1_cropped.png,0,0,249,406,A
hand5_a_dif_seg_2_cropped.png,0,0,248,411,A
hand5_a_dif_seg_3_cropped.png,0,0,239,399,A
hand5_a_dif_seg_4_cropped.png,0,0,264,383,A
hand5_a_dif_seg_5_cropped.png,0,0,255,401,A
hand5_b_bot_seg_1_cropped.png,0,0,243,526,B
hand5_b_bot_seg_2_cropped.png,0,0,255,520,B
hand5_b_bot_seg_3_cropped.png,0,0,240,540,B
hand5_b_bot_seg_4_cropped.png,0,0,256,534,B
hand5_b_bot_seg_5_cropped.png,0,0,265,530,B
hand5_b_dif_seg_1_cropped.png,0,0,208,492,B
hand5_b_dif_seg_2_cropped.png,0,0,207,505,B
hand5_b_dif_seg_3_cropped.png,0,0,209,487,B
hand5_b_dif_seg_4_cropped.png,0,0,210,489,B
hand5_b_dif_seg_5_cropped.png,0,0,238,481,B
hand5_c_bot_seg_1_cropped.png,0,0,258,423,C
hand5_c_bot_seg_2_cropped.png,0,0,240,387,C
hand5_c_bot_seg_3_cropped.png,0,0,274,417,C
hand5_c_bot_seg_4_cropped.png,0,0,275,411,C
hand5_c_bot_seg_5_cropped.png,0,0,269,414,C
hand5_c_dif_seg_1_cropped.png,0,0,226,416,C
hand5_c_dif_seg_2_cropped.png,0,0,242,429,C
hand5_c_dif_seg_3_cropped.png,0,0,226,398,C
hand5_c_dif_seg_4_cropped.png,0,0,285,395,C
hand5_c_dif_seg_5_cropped.png,0,0,293,425,C
hand5_d_bot_seg_1_cropped.png,0,0,241,433,D
hand5_d_bot_seg_2_cropped.png,0,0,229,435,D
hand5_d_bot_seg_3_cropped.png,0,0,243,449,D
hand5_d_bot_seg_4_cropped.png,0,0,237,421,D
hand5_d_bot_seg_5_cropped.png,0,0,232,428,D
hand5_d_dif_seg_1_cropped.png,0,0,241,518,D
hand5_d_dif_seg_2_cropped.png,0,0,234,517,D
hand5_d_dif_seg_3_cropped.png,0,0,234,527,D
hand5_d_dif_seg_4_cropped.png,0,0,245,517,D
hand5_d_dif_seg_5_cropped.png,0,0,250,522,D
hand5_e_bot_seg_1_cropped.png,0,0,238,321,E
hand5_e_bot_seg_2_cropped.png,0,0,240,318,E
hand5_e_bot_seg_3_cropped.png,0,0,238,317,E
hand5_e_bot_seg_4_cropped.png,0,0,232,316,E
hand5_e_bot_seg_5_cropped.png,0,0,240,312,E
hand5_e_dif_seg_1_cropped.png,0,0,253,374,E
hand5_e_dif_seg_2_cropped.png,0,0,257,375,E
hand5_e_dif_seg_3_cropped.png,0,0,253,376,E
hand5_e_dif_seg_4_cropped.png,0,0,255,391,E
hand5_e_dif_seg_5_cropped.png,0,0,253,390,E
hand5_f_bot_seg_1_cropped.png,0,0,234,456,F
hand5_f_bot_seg_2_cropped.png,0,0,242,461,F
hand5_f_bot_seg_3_cropped.png,0,0,242,456,F
hand5_f_bot_seg_4_cropped.png,0,0,237,467,F
hand5_f_bot_seg_5_cropped.png,0,0,242,463,F
hand5_f_dif_seg_1_cropped.png,0,0,257,542,F
hand5_f_dif_seg_2_cropped.png,0,0,263,545,F
hand5_f_dif_seg_3_cropped.png,0,0,239,558,F
hand5_f_dif_seg_4_cropped.png,0,0,261,551,F
hand5_f_dif_seg_5_cropped.png,0,0,284,553,F
hand5_g_bot_seg_1_cropped.png,0,0,358,286,G
hand5_g_bot_seg_2_cropped.png,0,0,362,295,G
hand5_g_bot_seg_3_cropped.png,0,0,382,377,G
hand5_g_bot_seg_4_cropped.png,0,0,344,312,G
hand5_g_bot_seg_5_cropped.png,0,0,353,296,G
hand5_g_dif_seg_1_cropped.png,0,0,395,276,G
hand5_g_dif_seg_2_cropped.png,0,0,400,273,G
hand5_g_dif_seg_3_cropped.png,0,0,402,252,G
hand5_g_dif_seg_4_cropped.png,0,0,411,280,G
hand5_g_dif_seg_5_cropped.png,0,0,394,292,G
hand5_h_bot_seg_1_cropped.png,0,0,441,288,H
hand5_h_bot_seg_2_cropped.png,0,0,446,285,H
hand5_h_bot_seg_3_cropped.png,0,0,453,274,H
hand5_h_bot_seg_4_cropped.png,0,0,442,293,H
hand5_h_bot_seg_5_cropped.png,0,0,459,292,H
hand5_h_dif_seg_1_cropped.png,0,0,497,299,H
hand5_h_dif_seg_2_cropped.png,0,0,497,290,H
hand5_h_dif_seg_3_cropped.png,0,0,438,286,H
hand5_h_dif_seg_4_cropped.png,0,0,487,279,H
hand5_h_dif_seg_5_cropped.png,0,0,504,284,H
hand5_i_bot_seg_1_cropped.png,0,0,267,455,I
hand5_i_bot_seg_2_cropped.png,0,0,276,457,I
hand5_i_bot_seg_3_cropped.png,0,0,264,471,I
hand5_i_bot_seg_4_cropped.png,0,0,266,449,I
hand5_i_bot_seg_5_cropped.png,0,0,272,472,I
hand5_i_dif_seg_1_cropped.png,0,0,272,456,I
hand5_i_dif_seg_2_cropped.png,0,0,268,447,I
hand5_i_dif_seg_3_cropped.png,0,0,274,435,I
hand5_i_dif_seg_4_cropped.png,0,0,270,455,I
hand5_i_dif_seg_5_cropped.png,0,0,277,474,I
hand5_k_bot_seg_1_cropped.png,0,0,226,513,K
hand5_k_bot_seg_2_cropped.png,0,0,233,496,K
hand5_k_bot_seg_3_cropped.png,0,0,228,521,K
hand5_k_bot_seg_4_cropped.png,0,0,251,551,K
hand5_k_bot_seg_5_cropped.png,0,0,250,542,K
hand5_k_dif_seg_1_cropped.png,0,0,241,546,K
hand5_k_dif_seg_2_cropped.png,0,0,243,546,K
hand5_k_dif_seg_3_cropped.png,0,0,240,550,K
hand5_k_dif_seg_4_cropped.png,0,0,235,572,K
hand5_k_dif_seg_5_cropped.png,0,0,267,607,K
hand5_l_bot_seg_1_cropped.png,0,0,383,464,L
hand5_l_bot_seg_2_cropped.png,0,0,409,485,L
hand5_l_bot_seg_3_cropped.png,0,0,315,477,L
hand5_l_bot_seg_4_cropped.png,0,0,409,498,L
hand5_l_bot_seg_5_cropped.png,0,0,383,503,L
hand5_l_dif_seg_1_cropped.png,0,0,381,568,L
hand5_l_dif_seg_2_cropped.png,0,0,383,558,L
hand5_l_dif_seg_3_cropped.png,0,0,350,543,L
hand5_l_dif_seg_4_cropped.png,0,0,387,555,L
hand5_l_dif_seg_5_cropped.png,0,0,395,524,L
hand5_m_bot_seg_1_cropped.png,0,0,265,314,M
hand5_m_bot_seg_2_cropped.png,0,0,261,308,M
hand5_m_bot_seg_3_cropped.png,0,0,267,314,M
hand5_m_bot_seg_4_cropped.png,0,0,259,317,M
hand5_m_bot_seg_5_cropped.png,0,0,228,296,M
hand5_m_dif_seg_1_cropped.png,0,0,244,280,M
hand5_m_dif_seg_2_cropped.png,0,0,237,282,M
hand5_m_dif_seg_3_cropped.png,0,0,248,289,M
hand5_m_dif_seg_4_cropped.png,0,0,241,285,M
hand5_m_dif_seg_5_cropped.png,0,0,249,282,M
hand5_n_bot_seg_1_cropped.png,0,0,248,326,N
hand5_n_bot_seg_2_cropped.png,0,0,255,330,N
hand5_n_bot_seg_3_cropped.png,0,0,220,329,N
hand5_n_bot_seg_4_cropped.png,0,0,239,319,N
hand5_n_bot_seg_5_cropped.png,0,0,243,288,N
hand5_n_dif_seg_1_cropped.png,0,0,267,345,N
hand5_n_dif_seg_2_cropped.png,0,0,274,299,N
hand5_n_dif_seg_3_cropped.png,0,0,265,322,N
hand5_n_dif_seg_4_cropped.png,0,0,246,322,N
hand5_n_dif_seg_5_cropped.png,0,0,274,341,N
hand5_o_bot_seg_1_cropped.png,0,0,206,335,O
hand5_o_bot_seg_2_cropped.png,0,0,216,346,O
hand5_o_bot_seg_3_cropped.png,0,0,224,352,O
hand5_o_bot_seg_4_cropped.png,0,0,214,368,O
hand5_o_bot_seg_5_cropped.png,0,0,243,371,O
hand5_o_dif_seg_1_cropped.png,0,0,219,378,O
hand5_o_dif_seg_2_cropped.png,0,0,249,395,O
hand5_o_dif_seg_3_cropped.png,0,0,219,382,O
hand5_o_dif_seg_4_cropped.png,0,0,245,370,O
hand5_o_dif_seg_5_cropped.png,0,0,260,411,O
hand5_p_bot_seg_1_cropped.png,0,0,405,218,P
hand5_p_bot_seg_2_cropped.png,0,0,406,220,P
hand5_p_bot_seg_3_cropped.png,0,0,395,253,P
hand5_p_bot_seg_4_cropped.png,0,0,420,247,P
hand5_p_bot_seg_5_cropped.png,0,0,436,240,P
hand5_p_dif_seg_1_cropped.png,0,0,510,258,P
hand5_p_dif_seg_2_cropped.png,0,0,509,249,P
hand5_p_dif_seg_3_cropped.png,0,0,476,293,P
hand5_p_dif_seg_4_cropped.png,0,0,507,267,P
hand5_p_dif_seg_5_cropped.png,0,0,551,261,P
hand5_q_bot_seg_1_cropped.png,0,0,397,331,Q
hand5_q_bot_seg_2_cropped.png,0,0,343,386,Q
hand5_q_bot_seg_3_cropped.png,0,0,396,347,Q
hand5_q_bot_seg_4_cropped.png,0,0,397,341,Q
hand5_q_bot_seg_5_cropped.png,0,0,319,373,Q
hand5_q_dif_seg_1_cropped.png,0,0,409,351,Q
hand5_q_dif_seg_2_cropped.png,0,0,351,413,Q
hand5_q_dif_seg_3_cropped.png,0,0,379,374,Q
hand5_q_dif_seg_4_cropped.png,0,0,390,414,Q
hand5_q_dif_seg_5_cropped.png,0,0,380,367,Q
hand5_r_bot_seg_1_cropped.png,0,0,233,559,R
hand5_r_bot_seg_2_cropped.png,0,0,246,571,R
hand5_r_bot_seg_3_cropped.png,0,0,248,589,R
hand5_r_bot_seg_4_cropped.png,0,0,242,615,R
hand5_r_bot_seg_5_cropped.png,0,0,254,612,R
hand5_r_dif_seg_1_cropped.png,0,0,216,458,R
hand5_r_dif_seg_2_cropped.png,0,0,221,483,R
hand5_r_dif_seg_3_cropped.png,0,0,230,500,R
hand5_r_dif_seg_4_cropped.png,0,0,229,498,R
hand5_r_dif_seg_5_cropped.png,0,0,254,533,R
hand5_s_bot_seg_1_cropped.png,0,0,271,366,S
hand5_s_bot_seg_2_cropped.png,0,0,277,367,S
hand5_s_bot_seg_3_cropped.png,0,0,270,360,S
hand5_s_bot_seg_4_cropped.png,0,0,263,365,S
hand5_s_bot_seg_5_cropped.png,0,0,294,364,S
hand5_s_dif_seg_1_cropped.png,0,0,268,330,S
hand5_s_dif_seg_2_cropped.png,0,0,266,340,S
hand5_s_dif_seg_3_cropped.png,0,0,251,333,S
hand5_s_dif_seg_4_cropped.png,0,0,268,345,S
hand5_s_dif_seg_5_cropped.png,0,0,285,308,S
hand5_t_bot_seg_1_cropped.png,0,0,279,349,T
hand5_t_bot_seg_2_cropped.png,0,0,260,345,T
hand5_t_bot_seg_3_cropped.png,0,0,277,360,T
hand5_t_bot_seg_4_cropped.png,0,0,266,331,T
hand5_t_bot_seg_5_cropped.png,0,0,265,341,T
hand5_t_dif_seg_1_cropped.png,0,0,271,341,T
hand5_t_dif_seg_2_cropped.png,0,0,273,341,T
hand5_t_dif_seg_3_cropped.png,0,0,261,337,T
hand5_t_dif_seg_4_cropped.png,0,0,253,344,T
hand5_t_dif_seg_5_cropped.png,0,0,275,343,T
hand5_u_bot_seg_1_cropped.png,0,0,213,502,U
hand5_u_bot_seg_2_cropped.png,0,0,220,504,U
hand5_u_bot_seg_3_cropped.png,0,0,221,525,U
hand5_u_bot_seg_4_cropped.png,0,0,217,528,U
hand5_u_bot_seg_5_cropped.png,0,0,227,551,U
hand5_u_dif_seg_1_cropped.png,0,0,198,492,U
hand5_u_dif_seg_2_cropped.png,0,0,208,492,U
hand5_u_dif_seg_3_cropped.png,0,0,212,527,U
hand5_u_dif_seg_4_cropped.png,0,0,207,509,U
hand5_u_dif_seg_5_cropped.png,0,0,182,441,U
hand5_v_bot_seg_1_cropped.png,0,0,258,589,V
hand5_v_bot_seg_2_cropped.png,0,0,280,612,V
hand5_v_bot_seg_3_cropped.png,0,0,270,624,V
hand5_v_bot_seg_4_cropped.png,0,0,351,660,V
hand5_v_bot_seg_5_cropped.png,0,0,302,646,V
hand5_v_dif_seg_1_cropped.png,0,0,223,482,V
hand5_v_dif_seg_2_cropped.png,0,0,207,500,V
hand5_v_dif_seg_3_cropped.png,0,0,320,530,V
hand5_v_dif_seg_4_cropped.png,0,0,326,529,V
hand5_v_dif_seg_5_cropped.png,0,0,249,502,V
hand5_w_bot_seg_1_cropped.png,0,0,307,576,W
hand5_w_bot_seg_2_cropped.png,0,0,326,588,W
hand5_w_bot_seg_3_cropped.png,0,0,304,574,W
hand5_w_bot_seg_4_cropped.png,0,0,302,554,W
hand5_w_bot_seg_5_cropped.png,0,0,307,572,W
hand5_w_dif_seg_1_cropped.png,0,0,254,500,W
hand5_w_dif_seg_2_cropped.png,0,0,259,507,W
hand5_w_dif_seg_3_cropped.png,0,0,280,532,W
hand5_w_dif_seg_4_cropped.png,0,0,250,500,W
hand5_w_dif_seg_5_cropped.png,0,0,212,446,W
hand5_x_bot_seg_1_cropped.png,0,0,252,424,X
hand5_x_bot_seg_2_cropped.png,0,0,259,431,X
hand5_x_bot_seg_3_cropped.png,0,0,267,428,X
hand5_x_bot_seg_4_cropped.png,0,0,262,420,X
hand5_x_bot_seg_5_cropped.png,0,0,276,422,X
hand5_x_dif_seg_1_cropped.png,0,0,236,383,X
hand5_x_dif_seg_2_cropped.png,0,0,246,380,X
hand5_x_dif_seg_3_cropped.png,0,0,298,363,X
hand5_x_dif_seg_4_cropped.png,0,0,249,376,X
hand5_x_dif_seg_5_cropped.png,0,0,235,383,X
hand5_y_bot_seg_1_cropped.png,0,0,381,379,Y
hand5_y_bot_seg_2_cropped.png,0,0,343,384,Y
hand5_y_bot_seg_3_cropped.png,0,0,435,407,Y
hand5_y_bot_seg_4_cropped.png,0,0,424,442,Y
hand5_y_bot_seg_5_cropped.png,0,0,449,447,Y
hand5_y_dif_seg_1_cropped.png,0,0,271,349,Y
hand5_y_dif_seg_2_cropped.png,0,0,241,344,Y
hand5_y_dif_seg_3_cropped.png,0,0,316,351,Y
hand5_y_dif_seg_4_cropped.png,0,0,326,360,Y
hand5_y_dif_seg_5_cropped.png,0,0,310,359,Y
